CHAR_ID	Sub-Saharan Africa	North America and Australasia	East Asia	Europe	South and Central America	North Africa and Middle East	South Asia	Caribbean
10	0	2	0	2	0	0	0	0
1001	0	2	0	0	0	0	0	0
10010	0	1	0	0	0	0	0	0
10012	0	1	0	0	0	0	0	0
10013	0	3	0	1	0	0	2	0
10015	0	1	0	0	0	0	0	0
10018	0	3	0	0	0	0	1	0
10019	0	3	0	1	0	0	0	0
10023	0	4	0	0	0	0	0	0
10029	0	0	0	1	0	0	0	0
1003	0	7	0	2	0	0	0	0
10030	0	1	0	3	0	0	0	0
10031	0	0	0	1	0	0	0	0
10033	0	0	0	2	0	0	1	0
10035	0	0	0	2	0	0	0	0
10037	0	0	1	0	0	0	1	0
10038	0	1	0	0	0	0	0	0
1004	0	4	0	0	0	0	0	0
10040	0	3	1	0	0	0	0	0
10043	0	7	3	0	1	0	1	0
10045	0	0	1	0	0	0	0	0
10047	0	0	3	0	1	0	0	0
10049	0	0	1	0	0	0	0	0
1005	0	1	0	0	0	0	0	0
10051	1	7	2	0	0	0	0	0
10052	0	1	0	0	0	0	0	0
10054	0	2	0	0	0	1	1	0
10055	0	0	1	0	0	0	0	0
10056	0	4	2	0	1	0	0	0
10057	0	0	1	0	0	0	0	0
10059	0	0	0	1	0	0	0	0
1006	0	9	1	1	1	1	0	0
1007	0	1	0	1	0	0	0	0
10070	0	1	0	0	0	0	0	0
10076	0	2	0	0	0	0	1	0
10077	0	0	0	0	0	0	1	0
1008	0	2	0	0	0	0	0	0
10080	0	1	0	0	0	0	0	0
10085	0	0	0	1	0	0	0	0
10087	0	1	0	0	0	0	0	0
10088	0	1	0	0	0	0	0	0
10089	1	0	0	0	0	0	0	0
10154	0	1	0	0	1	0	0	0
10156	0	1	0	0	0	0	0	0
10161	0	0	0	1	0	0	0	0
10162	0	4	0	2	1	0	0	0
10163	0	1	0	0	0	0	0	0
10164	0	1	0	0	0	0	0	0
10167	0	2	0	0	0	0	0	0
10169	0	0	0	1	0	0	0	0
10173	0	0	0	2	0	0	0	0
10174	0	1	0	1	0	0	0	0
10175	1	0	1	3	1	0	0	0
10176	0	2	0	3	0	0	0	0
10177	0	0	0	2	0	0	0	0
10179	0	0	0	1	0	0	0	0
10180	0	0	0	2	0	0	0	0
10181	0	0	0	1	0	0	0	0
10182	0	1	0	2	0	0	0	0
10187	0	0	0	1	0	0	0	0
1019	0	4	0	1	0	0	0	0
102	0	1	0	0	0	0	0	0
1020	0	0	0	1	0	0	0	0
10204	0	0	0	1	0	0	0	0
10206	0	2	0	1	0	0	0	0
10209	0	1	0	0	0	0	0	0
1021	0	1	0	0	0	0	0	0
10211	0	4	0	2	0	0	0	0
10217	0	1	0	0	0	0	0	0
10218	0	8	0	2	1	0	0	0
10219	0	3	0	1	1	0	0	0
10221	0	0	0	1	0	0	0	0
10222	0	0	0	1	0	0	0	0
10223	0	2	1	0	0	0	0	0
10224	0	4	0	0	1	0	0	0
10225	0	2	0	0	0	0	0	0
10227	0	3	0	0	1	0	0	0
10228	0	1	0	0	0	0	0	0
10230	0	1	0	0	0	0	0	0
10232	0	3	0	0	1	0	0	0
10233	0	1	0	0	0	0	0	0
10234	0	1	0	0	0	0	0	0
10235	0	2	0	0	0	0	0	0
10239	0	0	0	0	0	0	0	1
10243	0	0	0	1	0	0	0	0
10244	0	1	0	0	0	0	0	0
10257	0	2	0	2	0	0	0	0
10261	0	0	0	1	0	0	0	0
10262	0	0	0	3	0	0	0	0
10263	0	1	0	1	0	0	0	0
10268	0	0	0	1	0	0	0	0
10269	0	0	0	0	1	0	0	0
10274	0	1	0	0	0	0	0	0
10277	1	0	0	2	0	0	0	0
10278	0	3	1	1	0	0	0	0
10279	0	0	0	1	0	0	0	0
1028	0	0	0	1	0	0	0	0
10281	0	2	0	2	0	0	0	0
10284	0	1	0	0	0	0	0	0
10285	0	2	0	2	0	0	0	0
10286	0	3	0	0	0	0	0	0
10287	0	0	0	0	0	1	0	0
10288	0	1	0	0	0	1	0	0
10289	0	4	0	0	0	0	0	0
10294	0	0	0	1	0	0	0	0
10297	0	1	0	1	0	0	0	0
10298	0	3	0	2	1	0	0	0
103	0	5	0	0	0	0	0	0
10306	0	1	0	1	0	0	0	0
10307	0	0	0	1	0	0	0	0
10313	0	0	0	2	1	0	1	0
10319	0	1	0	0	0	0	0	0
10321	0	5	0	1	0	0	0	0
10325	0	2	0	0	0	0	0	0
10326	0	2	0	1	0	0	0	0
10327	0	0	0	1	0	0	0	0
10332	0	2	0	0	0	0	0	0
10333	0	0	0	0	0	0	0	0
10334	0	2	0	0	0	0	0	0
10335	0	1	0	0	0	0	0	0
10336	0	1	0	0	0	0	0	0
10337	0	5	0	1	0	0	0	0
10338	0	1	0	0	0	0	0	0
10339	0	0	1	0	0	0	0	0
10340	0	2	0	1	0	0	0	0
10341	0	3	0	0	0	0	0	0
10343	0	1	0	1	0	0	0	0
10355	0	0	0	1	0	0	0	0
10363	0	4	0	1	0	0	0	0
10364	0	0	0	1	1	0	0	0
10365	0	5	0	1	2	0	0	0
10367	0	1	0	0	1	0	0	0
10370	0	1	0	0	0	8	0	1
10372	0	0	0	0	0	1	0	1
10373	0	1	0	0	0	6	0	0
10378	0	1	0	0	0	0	0	0
10379	1	0	0	0	0	0	0	0
10381	0	1	0	1	0	0	0	0
10385	0	1	0	0	0	0	0	0
10386	0	2	0	1	0	0	0	0
1039	0	1	0	0	0	0	0	0
10391	0	2	0	0	0	0	0	0
10395	0	2	0	0	0	0	0	0
10401	0	1	0	0	1	0	0	0
10402	0	2	0	0	0	0	0	0
10403	0	1	0	0	0	0	0	0
10404	0	3	0	0	0	0	0	0
10406	0	1	0	0	0	0	0	0
10420	0	1	0	0	0	0	0	0
10422	0	2	0	0	0	0	0	0
10424	0	1	0	2	0	0	0	0
10425	0	1	0	0	0	0	0	0
10428	0	7	0	0	0	0	0	0
10429	0	1	0	0	0	0	0	0
1043	0	2	0	0	0	0	0	0
10430	0	4	0	0	0	0	0	0
10433	0	1	0	0	0	0	0	0
10434	0	1	0	0	0	0	0	0
10435	0	6	0	0	0	0	0	0
10436	0	7	0	0	0	0	0	0
10438	0	1	0	0	0	0	0	0
10439	0	2	0	0	0	0	0	0
10440	0	3	0	1	0	0	0	0
10441	0	1	0	0	0	0	0	0
10444	0	2	0	1	0	0	0	0
10445	0	1	0	0	0	0	0	0
10451	0	2	0	0	0	0	0	0
10452	0	1	0	1	0	0	0	0
10454	0	2	0	0	0	0	0	0
10459	0	1	0	0	0	0	0	0
10460	0	1	0	0	0	0	0	0
10461	0	0	0	1	0	0	0	0
10462	0	0	0	1	0	0	0	0
10463	0	1	0	0	0	0	0	0
10466	0	1	0	0	0	0	0	0
10471	0	1	0	1	0	0	0	0
10475	0	0	0	1	0	0	0	0
10477	0	1	0	1	0	0	0	0
10479	0	0	0	1	0	0	0	0
10485	0	0	0	2	0	0	4	0
10486	0	0	0	0	0	0	1	0
10488	0	0	0	1	0	0	2	0
10490	0	0	0	0	0	0	2	0
10492	0	1	0	0	0	0	0	0
10493	0	1	1	1	0	0	2	0
105	0	2	0	0	0	0	0	0
10538	0	1	0	0	0	0	0	0
10545	0	1	1	0	1	0	0	0
10547	0	1	0	0	0	0	0	0
10550	0	2	0	1	0	0	0	0
10551	0	2	0	3	0	0	2	0
10553	0	1	0	0	0	0	0	0
10557	0	1	0	0	0	0	0	0
1056	0	1	0	1	0	0	0	0
10561	0	1	0	1	0	0	0	0
1057	0	1	0	0	0	0	0	0
10573	0	1	0	2	0	0	0	0
10574	0	2	0	0	0	0	0	0
10575	0	0	0	1	0	0	0	0
10577	0	1	0	0	0	0	0	0
10578	1	1	0	0	0	1	0	0
10579	0	1	0	0	0	0	0	0
1058	0	0	0	1	0	0	0	0
10580	0	1	0	0	0	0	0	0
10584	0	4	0	0	0	0	0	0
10585	0	2	0	0	0	0	0	0
10587	0	0	0	0	1	0	0	0
10588	0	1	0	0	0	0	0	0
10589	0	1	0	1	0	0	0	0
1059	0	1	0	2	0	0	0	0
1060	0	1	0	0	0	0	0	0
10609	0	0	0	1	1	0	1	0
1061	0	2	1	4	0	1	0	0
10610	0	0	0	0	1	0	0	0
10612	0	0	0	2	0	0	0	0
10640	0	5	1	5	0	0	0	0
10642	0	1	0	1	0	0	0	0
10643	0	1	0	1	0	0	0	0
10646	0	0	0	0	1	0	0	0
10651	0	1	0	0	0	0	0	0
10653	0	0	0	1	0	1	0	0
10655	0	1	0	0	0	0	0	0
10657	0	0	0	0	1	0	0	0
10659	0	0	0	1	0	0	0	0
10671	0	4	0	0	0	0	0	0
10674	0	1	0	1	0	0	0	0
1068	0	0	0	1	0	0	0	0
10680	0	4	2	0	0	0	0	0
10681	0	0	1	0	0	0	0	0
10682	0	1	0	0	0	0	0	0
10683	0	0	1	0	1	0	0	0
10687	0	0	1	0	0	0	0	0
10688	0	0	0	0	0	0	0	0
1069	0	1	0	0	0	0	0	0
10690	0	1	1	0	0	0	0	0
10692	0	1	0	0	0	0	0	0
10693	0	1	0	0	0	1	0	1
10695	0	2	0	0	0	0	0	0
10696	0	0	0	1	0	0	0	0
10698	0	2	0	1	0	0	0	0
10699	0	0	0	0	1	0	0	1
107	0	2	0	0	0	0	0	0
10701	0	1	0	0	2	0	0	0
10702	0	0	0	0	1	0	0	0
10703	0	0	0	0	1	0	0	0
10704	0	4	0	0	1	0	0	0
10705	0	2	0	0	1	0	0	0
10706	0	3	0	0	2	0	0	0
10708	0	0	0	0	1	0	0	0
10709	0	0	0	1	0	0	0	0
10711	0	1	0	0	0	0	0	0
10713	0	1	0	0	0	0	0	0
10714	0	2	0	0	1	0	0	0
10716	0	1	1	0	0	0	0	0
10717	0	1	0	1	1	0	0	0
1072	0	0	0	1	0	0	0	0
10722	0	1	0	1	0	0	0	0
10723	1	0	0	0	0	0	0	0
10726	0	4	0	1	0	0	1	0
10727	0	1	0	0	0	0	0	0
10729	0	1	0	0	0	0	0	0
10733	0	2	0	0	0	0	0	0
10735	0	5	0	2	1	0	0	0
10738	0	3	0	0	0	0	0	0
10739	0	1	0	0	0	0	1	0
10743	0	1	0	0	0	0	0	0
10748	0	1	0	0	0	0	0	0
10752	0	2	0	1	0	0	0	0
10754	0	0	0	1	0	0	0	0
10756	0	1	0	0	1	0	0	0
1076	0	0	0	1	0	0	0	0
10763	0	1	0	0	0	0	0	0
10766	0	1	0	0	0	0	0	0
10769	0	1	1	0	0	0	0	0
1077	0	1	0	0	0	0	0	0
10775	0	0	0	1	0	0	0	0
10776	0	1	0	2	0	0	0	0
1078	0	2	0	1	0	0	0	0
10780	0	1	0	0	0	0	0	0
10781	0	1	0	0	0	0	0	0
10782	0	0	0	1	0	0	0	0
10785	0	1	0	1	0	0	0	0
10786	0	1	0	0	0	0	0	0
10787	0	3	0	0	1	0	0	0
10789	0	2	0	0	0	0	0	0
10793	0	1	0	0	0	0	0	0
10794	0	1	0	0	0	0	0	0
10795	0	1	0	0	0	0	0	0
10796	0	2	0	0	0	0	0	0
10798	0	3	0	0	0	0	0	0
10799	0	1	0	0	0	0	0	0
108	0	5	0	0	0	0	0	0
10800	0	6	1	0	1	0	0	0
1081	0	4	0	0	0	0	0	0
1082	0	0	0	0	1	0	0	0
10822	0	7	0	0	0	0	0	0
1083	0	1	0	0	0	0	0	0
10830	0	2	0	0	0	0	0	0
10834	0	3	0	0	0	0	0	0
10843	0	1	0	0	0	0	0	0
10845	0	2	0	0	0	0	0	0
10846	0	1	0	0	0	0	0	0
10847	0	5	0	0	0	0	0	0
10849	0	2	0	0	0	0	0	0
1085	0	1	0	2	0	0	0	0
10850	0	1	0	0	0	0	0	0
10851	0	2	0	1	0	0	0	0
1086	0	1	0	0	0	0	0	0
1089	0	4	1	1	1	0	0	0
10892	0	1	0	0	0	0	0	0
10893	0	0	1	0	0	0	0	0
10894	0	1	0	0	0	0	0	0
109	0	1	0	0	0	0	0	0
1090	0	1	0	0	0	0	0	0
10902	0	1	0	0	0	0	0	0
10905	0	0	0	2	1	0	0	0
10908	0	2	0	5	1	0	0	0
10909	0	0	0	2	0	0	0	0
1091	0	1	0	1	0	0	0	0
10912	0	2	0	6	0	0	0	0
10914	0	0	0	4	0	0	0	0
10916	0	2	0	6	0	0	0	0
10917	0	0	0	1	0	0	0	0
10918	0	1	0	2	0	0	0	0
10919	0	0	0	3	0	0	0	0
10922	1	0	0	0	0	0	0	0
10923	0	0	0	1	0	0	0	0
10926	0	2	0	1	0	0	0	0
10928	0	0	0	1	0	0	0	0
10932	0	1	1	1	0	0	0	0
10933	0	2	0	0	0	0	0	0
10937	0	2	0	0	0	0	0	0
10939	0	0	0	0	0	0	0	0
10940	0	0	0	1	0	0	0	0
10941	0	9	0	0	0	0	0	1
10942	0	0	0	0	0	0	0	0
10943	0	0	0	1	0	0	0	0
10944	0	2	0	0	0	0	0	0
10945	0	4	0	0	0	0	0	1
10946	0	2	0	0	0	0	0	0
10947	0	1	0	1	0	0	0	0
10953	0	0	0	0	0	1	0	0
10954	0	3	0	2	1	0	0	1
10961	0	1	0	0	0	0	0	0
10963	0	1	0	0	0	0	0	0
10966	0	0	0	1	0	0	0	0
10977	0	4	0	0	1	0	1	0
10980	0	1	0	0	0	0	0	0
10982	0	6	0	0	1	1	0	0
10985	0	5	0	1	1	1	0	0
10987	0	3	0	0	0	0	0	0
10989	0	5	1	1	1	0	0	0
10993	0	0	0	0	0	0	0	0
10995	0	4	1	0	0	1	0	0
110	0	2	0	0	0	0	0	0
11000	0	1	0	1	0	1	0	0
11001	0	4	1	0	0	1	0	0
11002	0	4	0	0	1	0	0	0
11009	0	3	0	0	0	0	0	0
11016	0	1	0	1	0	0	0	0
11018	0	2	0	1	0	0	1	0
11019	1	1	0	0	0	0	0	0
11020	0	1	0	0	0	0	0	0
11048	0	0	0	2	0	0	0	0
11049	0	1	0	2	0	0	0	0
11052	0	1	0	3	1	0	0	0
11055	0	1	0	1	0	0	0	0
11056	0	1	0	2	0	0	0	0
11057	0	1	0	1	1	0	0	0
11059	0	0	0	2	0	0	0	0
11060	0	1	0	0	1	0	0	0
11064	0	0	1	0	0	0	0	0
11065	0	1	0	2	0	0	0	0
11066	0	0	0	1	0	0	0	0
11067	0	1	0	0	1	0	0	0
11068	0	0	0	0	1	1	0	0
11072	0	1	0	0	0	0	0	0
11074	0	2	0	0	0	0	0	0
11076	0	1	0	0	0	0	0	0
11077	0	3	0	0	0	0	0	0
11078	0	1	0	0	0	0	0	0
11079	0	1	0	0	0	0	0	0
11081	0	1	0	0	0	1	0	0
11082	0	0	1	0	0	0	0	0
11083	0	1	1	1	0	0	0	0
11089	0	0	0	1	0	0	0	0
11094	0	0	0	3	0	0	0	0
11095	0	0	0	3	0	0	0	0
11096	0	0	0	1	0	0	0	0
11097	0	1	0	4	0	0	1	0
11098	0	0	0	2	0	0	0	0
11099	0	1	0	2	0	0	0	0
111	0	1	0	0	0	0	0	0
11100	0	2	0	1	0	0	0	0
11101	0	0	0	1	0	0	0	0
11102	0	0	0	1	0	0	0	0
11103	0	0	0	1	0	1	0	0
11104	0	0	0	2	0	1	0	0
11106	0	0	0	4	0	1	0	0
11108	0	0	0	1	0	0	0	0
11109	0	1	0	0	0	0	0	0
11111	0	4	0	1	0	0	0	0
11112	0	0	0	1	0	0	0	0
11114	0	0	0	1	0	0	0	0
11115	0	1	0	0	0	0	0	0
11142	1	0	1	0	0	0	0	0
11143	0	0	0	1	0	0	0	0
11144	0	0	2	0	0	0	0	1
11145	0	0	1	4	0	0	1	0
11146	0	0	2	2	0	0	0	0
11150	0	1	1	1	0	0	0	0
11151	0	0	1	0	0	0	0	0
11153	0	0	1	0	0	0	0	0
11154	0	0	0	1	0	0	0	0
11158	0	3	0	0	0	0	0	0
11160	0	1	0	0	0	0	0	0
11162	0	3	0	0	0	0	0	0
11163	0	2	0	1	0	0	0	0
11164	0	1	0	0	0	0	0	0
11165	0	1	1	0	0	0	0	0
1118	0	1	0	0	0	0	0	0
11189	0	0	0	1	0	0	0	0
11191	0	1	0	0	0	0	0	0
11195	0	1	0	0	0	0	0	0
11199	0	1	0	0	0	0	0	0
11201	0	0	0	2	0	0	0	0
11205	0	0	0	2	0	0	0	0
1122	0	0	0	1	0	0	0	0
11235	0	0	0	1	0	0	0	0
11236	0	3	1	0	0	0	0	0
11237	0	2	0	1	0	1	0	0
11239	0	0	0	1	1	3	0	0
11241	0	1	0	1	0	1	0	0
11243	0	6	0	0	1	0	0	0
11246	0	8	1	1	0	0	0	0
11249	0	1	0	0	0	0	0	0
11250	0	2	0	0	0	0	0	0
11252	0	1	0	0	0	0	0	0
11257	0	1	0	1	0	0	0	0
11259	0	2	0	0	0	0	0	0
11260	0	1	0	0	0	0	0	0
11262	0	1	0	0	1	0	0	0
11264	0	1	0	0	0	0	0	0
11265	0	2	0	1	0	0	0	0
11266	0	1	0	1	0	0	0	0
11269	0	1	0	0	0	0	0	0
11270	0	1	0	0	0	0	0	0
11271	0	1	0	0	0	0	0	0
11272	0	1	0	0	0	0	0	0
11273	0	2	0	0	0	0	0	0
11277	0	1	0	0	0	0	0	0
1128	0	0	0	1	0	0	0	0
11280	0	5	0	0	1	1	0	0
11281	0	2	0	0	1	0	0	0
11282	0	3	0	1	0	0	0	0
11287	0	0	0	0	1	0	0	0
11289	0	11	1	3	0	0	0	0
1129	0	1	0	0	0	0	0	0
11290	0	1	0	0	0	0	0	0
11295	0	2	0	0	0	0	0	0
11297	0	0	0	1	0	0	0	0
11298	0	5	1	0	0	0	0	0
113	0	1	0	0	0	1	0	0
11300	0	1	0	1	0	0	0	0
11301	0	9	1	3	1	0	0	0
11304	0	0	0	0	1	0	0	0
11306	0	8	0	0	1	0	0	0
11307	0	0	0	1	0	0	0	0
11309	0	1	0	0	0	0	0	0
1131	0	1	0	0	0	0	0	0
11310	0	3	0	0	0	0	0	0
11311	0	0	0	0	1	0	0	0
11312	0	3	0	1	1	0	0	0
11313	0	0	0	1	0	0	0	0
11314	0	0	0	0	1	0	0	0
11316	0	2	0	0	0	0	0	0
1132	0	1	0	1	1	0	0	1
11322	0	3	0	2	2	0	0	1
11323	0	1	0	0	0	0	0	0
11324	2	4	0	1	0	0	0	0
11325	1	3	0	1	6	0	0	0
11326	0	2	0	0	0	0	0	0
11327	0	0	0	1	0	0	0	1
11328	0	1	0	1	2	0	0	0
11329	0	0	1	1	1	0	0	0
1133	0	2	0	1	0	0	0	0
11330	0	2	0	0	0	0	0	0
11332	0	3	0	2	1	1	0	0
11335	0	1	0	0	0	0	0	1
11336	1	2	0	2	0	0	0	0
11337	0	2	0	0	0	0	1	0
11340	0	3	0	0	1	0	0	0
11341	0	1	0	0	1	0	0	0
11342	0	3	0	0	0	0	0	0
11343	0	4	0	0	0	0	0	0
11344	0	0	0	0	1	0	0	0
11348	0	1	0	0	0	0	0	0
11349	0	3	0	2	0	0	0	0
11350	0	6	0	0	0	0	0	0
1136	0	1	0	1	0	0	0	0
11369	0	1	0	1	0	0	0	0
1137	0	1	0	1	0	0	0	1
11370	0	0	0	1	0	0	0	0
11383	0	0	0	5	0	0	0	0
11389	0	2	0	0	0	0	0	0
1139	0	2	0	1	0	0	0	0
11391	0	0	0	1	0	0	0	0
11393	0	4	0	0	0	0	0	0
11394	0	7	0	0	0	0	0	0
11397	0	1	0	0	0	0	0	0
11398	0	3	0	0	0	0	0	0
11401	0	1	0	1	1	0	0	0
11402	0	3	0	0	0	0	0	0
11409	0	1	0	0	0	1	0	0
1141	0	1	0	1	0	0	0	0
11411	0	6	0	2	0	1	0	0
11412	0	1	0	0	0	0	0	0
11414	0	4	1	0	0	1	0	0
11415	0	6	1	2	1	2	0	0
11416	0	4	0	0	0	1	0	0
11420	0	1	0	1	0	0	0	0
11454	0	0	0	1	0	0	0	0
11456	0	0	0	1	0	0	0	0
11457	0	2	0	1	1	0	0	0
11458	0	3	0	0	0	0	0	0
1146	0	0	0	1	0	0	0	0
11462	0	0	0	1	0	0	0	0
11469	0	0	0	1	0	0	0	0
11476	0	0	0	1	0	0	0	0
11487	0	3	0	0	0	0	0	0
11488	0	1	0	0	0	0	1	0
11493	0	3	0	0	1	0	0	0
11494	0	1	0	0	0	0	0	0
11495	0	1	0	0	0	0	0	0
11498	0	1	0	0	0	0	0	0
11499	0	1	0	0	0	0	0	0
115	0	1	0	2	0	0	0	0
1150	0	1	0	0	0	0	0	0
1151	0	1	0	0	0	0	0	0
1152	1	0	0	0	0	0	0	0
11523	0	1	0	0	0	0	0	0
11526	0	1	0	0	0	0	0	0
11528	0	1	0	1	0	0	0	0
11530	0	2	0	0	0	0	1	0
11533	0	0	0	1	0	0	0	0
11535	0	0	0	1	0	0	0	0
11539	0	0	0	1	0	0	0	0
11540	0	2	0	2	0	0	0	0
11542	0	0	0	2	0	0	0	0
11543	0	0	0	1	0	0	0	0
11544	0	0	0	1	0	0	0	0
11550	0	1	0	0	1	0	0	0
11551	0	1	0	0	0	0	0	0
11553	0	3	0	0	0	0	0	0
11556	0	6	0	0	0	0	0	0
11558	0	9	0	1	2	0	0	0
11560	0	5	0	0	1	0	0	0
11563	0	1	0	0	0	0	0	0
11564	0	4	0	1	2	0	0	0
11565	0	8	1	0	0	0	0	0
11581	0	0	0	1	0	0	0	0
11583	1	1	0	0	0	0	0	0
11586	0	1	0	0	0	0	0	0
11589	1	4	0	0	0	0	0	0
1159	0	1	0	0	0	0	0	0
11590	0	1	0	1	0	0	0	0
11591	1	0	0	1	0	0	0	0
11592	2	1	0	0	0	0	0	0
11599	0	3	0	2	0	0	0	0
116	0	1	0	0	0	0	0	0
11602	0	1	0	0	0	0	0	0
11603	0	1	0	0	0	0	0	0
11604	0	1	0	1	0	0	0	0
11606	0	1	0	0	0	0	0	0
11607	0	1	0	0	0	0	0	0
11608	0	2	0	1	0	1	0	0
11609	0	1	0	0	0	0	0	0
11613	0	2	1	0	0	0	0	0
11614	0	1	0	0	0	0	0	0
11616	0	1	0	0	0	0	0	0
11617	0	2	0	1	0	0	0	0
11619	0	2	0	0	0	0	0	0
11620	0	1	0	0	0	0	0	0
11621	0	5	0	0	0	0	0	0
11622	0	1	0	0	0	0	0	0
11626	0	0	0	1	0	0	0	0
11633	0	1	0	0	1	0	0	0
11637	0	10	0	6	1	0	1	0
11640	0	1	0	0	0	0	0	0
11642	0	1	0	3	0	0	0	1
11648	0	1	0	1	0	0	0	0
11649	0	3	0	1	0	0	0	0
11650	0	10	0	2	0	0	0	0
11653	0	3	0	0	0	0	0	0
11654	0	1	0	0	0	0	0	0
11658	0	1	0	0	0	0	0	0
11659	0	1	0	1	0	0	0	0
1166	0	1	0	0	0	0	0	0
11661	0	0	0	1	0	0	0	0
11662	0	1	0	1	0	0	0	0
11663	0	0	1	1	0	0	0	0
11664	0	2	0	1	0	1	0	0
11667	0	0	0	2	0	0	0	0
11670	0	2	0	0	0	0	0	0
11671	0	1	0	0	0	0	0	0
11673	0	3	0	0	0	0	0	0
11674	0	1	0	0	0	0	0	0
11677	0	3	0	0	1	0	0	0
11678	0	1	0	0	0	0	0	0
11679	0	1	0	0	0	3	0	0
1169	0	2	0	0	0	0	0	0
117	0	1	0	0	0	0	0	0
11704	0	0	1	0	0	0	0	0
11712	1	0	0	0	0	0	0	0
11713	1	0	0	1	0	0	0	1
11715	0	1	0	0	0	0	0	0
11721	0	0	1	0	0	0	0	0
11727	0	2	0	0	0	0	0	0
11733	0	1	0	0	0	0	0	0
11734	0	5	1	2	0	0	0	0
11736	0	0	0	1	0	0	0	0
11738	0	1	0	1	0	0	0	0
11739	0	3	0	2	1	0	0	0
11741	0	7	0	1	1	0	0	0
11742	0	4	0	0	1	0	0	0
11743	0	1	0	0	0	0	0	0
11744	0	1	0	0	0	0	0	0
11745	0	1	0	0	1	0	0	0
11749	0	1	0	0	0	0	0	0
1175	0	1	0	0	0	0	0	0
11752	0	1	0	0	0	0	0	0
11754	0	1	0	0	0	0	0	0
11756	0	1	0	0	0	0	0	0
11758	0	6	0	2	1	0	1	0
11759	0	1	0	0	0	0	0	0
1176	0	1	0	0	0	0	0	0
11761	0	3	0	1	1	0	0	0
11764	0	1	0	0	0	0	0	0
11765	0	0	0	0	0	0	1	0
1177	0	1	0	0	0	0	0	0
11788	0	0	0	1	0	0	0	0
11789	0	2	0	2	0	0	0	0
11791	0	1	0	1	0	0	0	0
11792	0	1	0	2	0	0	0	0
11793	0	1	0	1	0	0	0	0
11794	0	1	1	1	0	0	0	0
118	0	2	0	0	0	0	0	0
11812	0	0	0	1	0	0	0	0
11813	0	1	1	1	0	0	0	0
11818	0	1	2	4	0	0	0	0
11820	0	0	0	1	0	0	0	0
11822	0	1	0	0	1	0	0	0
11824	0	1	1	2	0	0	0	0
1184	0	1	1	1	0	0	0	0
11858	0	1	1	0	0	0	0	0
11860	0	8	0	0	1	0	0	0
11861	0	1	0	1	0	0	0	0
11862	0	0	0	0	1	0	0	0
11863	0	4	0	0	0	0	0	0
11864	0	0	0	0	0	0	0	0
11865	0	1	0	0	0	0	0	0
11907	0	2	0	4	0	0	0	0
11909	0	0	0	1	0	0	0	0
1191	0	0	0	1	0	0	0	0
11910	0	0	0	2	0	0	0	0
11911	0	1	0	2	1	0	1	0
11912	0	0	0	1	0	0	0	0
11913	0	0	0	0	0	0	0	0
1197	0	1	0	0	0	0	0	0
12	0	0	0	1	0	0	0	0
12028	0	0	0	1	0	0	0	0
12030	0	1	0	0	0	0	0	0
12031	0	1	0	0	0	0	0	0
12032	0	2	0	0	0	0	0	0
12033	0	1	0	2	0	0	0	0
12034	0	0	0	1	0	0	0	0
12035	0	1	0	0	0	0	0	0
12036	0	3	0	0	0	0	0	0
12038	0	1	0	0	0	0	0	0
12040	0	1	0	1	0	0	1	0
12042	0	0	0	2	0	0	0	1
12045	0	0	0	1	0	0	0	0
12046	0	1	0	1	0	0	0	0
12047	0	3	0	3	0	0	0	1
12090	0	2	0	0	0	0	0	0
12094	0	1	0	0	0	0	0	0
12096	0	1	0	0	0	0	0	0
12097	0	1	0	0	1	1	0	0
12098	0	1	0	0	0	0	0	0
12099	0	1	0	0	0	0	0	0
121	0	1	0	0	0	0	0	0
12100	0	1	0	0	0	0	0	0
12114	0	0	0	1	0	0	0	0
12117	0	1	0	1	0	0	0	0
12120	0	0	0	1	0	0	0	0
12124	0	1	0	0	0	0	0	0
12125	0	1	0	0	0	0	0	0
12128	1	2	0	1	0	0	0	0
12129	0	1	0	0	0	0	0	0
12132	0	0	0	0	0	0	0	0
12134	0	1	0	0	1	0	0	0
12135	0	1	0	0	0	0	0	0
12136	0	3	0	1	0	0	0	0
12160	0	2	0	0	0	0	1	0
12161	0	1	0	1	0	0	0	0
122	0	3	0	0	1	1	0	0
12249	0	2	0	3	1	0	0	0
12250	0	2	0	1	0	0	0	0
12251	0	0	0	1	0	0	0	0
12252	0	0	0	1	0	0	0	0
12253	0	3	0	2	0	0	0	0
12256	0	0	0	1	0	0	0	0
12257	0	3	0	1	0	0	0	0
12258	0	4	0	0	0	1	0	0
12262	0	0	1	0	0	0	2	0
12265	0	1	0	0	0	0	0	0
123	0	0	0	1	0	1	0	0
1232	0	2	1	0	0	0	0	0
12328	0	1	0	0	0	0	0	0
12330	0	0	0	2	0	0	0	0
12349	0	1	0	0	0	0	0	0
12350	0	2	0	0	0	0	0	0
12352	0	2	0	0	0	0	0	0
12353	0	0	0	1	0	0	0	0
12354	0	1	0	0	0	0	0	0
1237	0	1	0	0	0	0	0	0
12377	0	1	0	0	0	0	0	0
1238	0	1	0	0	0	0	0	0
12384	0	1	0	0	0	0	0	0
1239	0	1	0	0	0	0	0	0
12400	0	0	0	1	0	0	0	0
12403	0	0	0	1	0	0	0	0
12405	0	0	0	1	0	0	0	0
12407	0	0	0	1	0	0	0	0
1241	0	1	0	0	0	0	0	0
12410	0	1	0	0	0	0	0	0
12411	0	1	0	0	0	0	0	0
12412	0	0	0	1	0	0	0	0
12413	0	0	1	0	1	0	0	0
1243	0	1	0	0	0	0	0	0
12439	0	1	0	0	1	0	0	0
12440	0	0	0	1	0	0	0	0
12443	0	1	0	0	0	0	0	0
12453	0	1	0	0	0	0	0	0
12457	0	0	1	0	0	0	0	0
12458	0	1	0	0	2	0	0	0
12459	0	1	0	0	0	0	0	0
12478	0	1	0	0	0	0	0	0
12481	0	0	0	0	0	0	0	1
12498	0	2	0	0	0	0	0	0
12500	0	3	0	0	0	0	0	0
12501	0	4	1	1	0	0	0	0
12502	0	2	0	0	0	0	0	0
12503	0	0	0	0	0	0	0	0
12536	0	6	0	1	1	0	1	0
12537	0	0	0	0	0	0	0	1
12538	2	9	0	1	0	0	0	1
12539	0	3	0	0	0	0	0	0
12540	0	2	1	0	0	0	0	0
12541	1	2	0	1	0	0	0	0
12542	0	2	0	0	0	0	0	0
12543	0	1	0	0	0	0	0	0
12576	0	1	0	0	0	0	0	0
12580	0	3	0	0	0	0	0	0
12581	0	9	1	1	1	0	1	0
12583	0	1	2	0	0	0	0	0
12587	0	0	0	0	0	0	1	0
12589	0	1	0	0	1	0	0	0
12593	0	1	0	0	0	0	0	0
1261	0	1	0	0	0	0	0	0
1263	0	1	0	0	0	0	0	0
1266	0	0	0	0	0	1	0	0
12664	0	1	0	0	0	0	0	0
12666	0	4	0	0	0	0	0	0
12667	0	4	0	0	0	0	0	0
12668	0	1	0	1	0	0	0	0
12669	0	0	0	1	0	0	0	0
1267	0	1	0	0	1	0	0	0
12672	0	1	0	0	0	0	0	0
12673	0	1	0	0	0	0	0	0
1268	0	4	0	0	1	0	0	0
127	0	0	0	0	1	0	0	0
1270	0	1	0	0	0	0	0	0
12702	0	0	0	1	0	0	0	0
12703	0	2	0	3	0	0	0	0
12705	0	0	0	1	0	0	0	0
12706	0	0	0	2	0	0	0	0
12708	0	1	0	0	0	0	0	0
1271	0	1	1	1	1	1	0	0
12712	0	1	0	0	0	1	0	0
1273	0	1	0	0	0	0	0	0
12738	0	1	0	0	0	0	0	0
12739	0	0	0	1	0	0	0	0
12740	0	1	0	0	0	0	0	0
12742	0	1	0	0	0	0	0	0
12744	0	0	0	1	1	0	0	0
1277	0	0	0	1	0	0	0	0
12770	0	2	0	3	0	0	0	0
12774	0	1	0	0	0	0	0	0
12775	1	1	0	3	0	1	0	0
12777	0	0	0	0	0	2	0	0
12778	0	0	0	0	0	1	0	0
12779	1	3	0	2	0	2	0	0
12782	1	0	0	2	0	0	2	0
12783	1	0	0	0	0	0	0	0
12784	0	1	0	0	0	0	0	0
1279	0	2	0	0	0	0	0	0
12792	0	2	0	0	0	0	0	0
12795	0	2	0	4	0	0	0	0
12798	0	1	0	0	0	0	0	0
12799	0	1	0	0	0	0	0	0
1280	0	0	0	1	0	0	0	0
12800	0	1	0	0	0	0	0	0
12836	0	0	0	1	0	0	0	0
12837	0	1	0	0	0	0	0	0
12839	0	0	0	2	0	0	0	0
12844	0	1	0	1	0	0	0	0
12845	0	0	0	1	0	0	0	0
12850	0	1	0	0	0	0	0	0
12866	0	0	0	1	0	0	0	0
12869	1	1	0	1	0	0	0	0
12870	0	1	0	0	0	0	0	0
12872	0	0	0	1	0	0	0	0
12878	0	1	0	1	0	0	0	0
12879	0	1	0	0	0	0	0	0
1289	0	1	0	0	0	0	0	0
12901	0	1	0	0	0	0	0	0
12903	0	2	0	0	0	0	0	0
12904	0	0	0	0	0	0	0	0
12906	0	2	0	0	0	0	0	0
12908	0	1	0	0	0	0	0	0
1291	0	1	0	1	0	0	0	0
12913	0	1	0	1	0	1	0	0
12914	0	0	0	2	0	0	0	0
12917	0	1	0	1	0	0	0	0
12919	0	5	0	2	0	0	0	0
1292	0	0	0	0	0	0	0	1
1293	0	1	0	0	1	0	0	0
12943	0	1	0	0	0	0	0	0
12947	0	5	0	1	0	0	0	0
1295	0	0	0	1	0	0	0	0
12950	0	0	0	1	0	0	0	0
12951	1	0	0	1	0	1	0	0
12953	0	2	0	0	0	0	0	0
12955	0	8	0	2	1	0	0	0
12956	0	1	0	0	0	0	0	0
12958	0	1	0	1	0	0	0	0
12959	0	3	0	0	0	0	0	0
1296	0	1	0	0	0	0	0	0
12960	0	1	0	0	0	0	0	0
12961	0	4	0	1	0	1	0	0
12962	0	0	0	0	1	0	0	0
12964	0	1	0	0	0	0	0	0
12965	0	1	0	2	0	0	0	0
1297	0	1	0	2	0	0	0	0
12970	0	5	0	1	0	0	0	1
12971	0	1	0	2	1	0	0	0
12972	0	4	0	0	0	0	0	0
12973	0	1	0	1	0	0	0	0
12974	0	5	0	3	0	0	0	2
12975	0	3	0	0	0	0	0	0
12976	0	1	0	0	0	0	0	0
1298	0	1	0	0	0	0	0	0
12982	0	1	0	0	0	0	0	0
1299	0	0	0	0	0	0	0	0
13	0	2	0	1	1	0	0	0
13003	0	6	0	0	1	0	0	0
13006	0	1	0	1	0	0	0	0
1301	0	2	0	0	0	0	0	0
13011	0	1	0	0	0	0	0	0
13012	0	1	0	0	0	0	0	0
1302	0	0	0	1	0	0	0	0
1304	0	0	0	0	0	0	0	0
13041	0	1	0	0	0	0	0	0
13044	0	1	0	0	0	0	0	0
1305	0	0	0	0	0	0	0	0
13055	0	2	0	0	0	0	0	0
13058	0	1	0	0	0	0	0	1
13060	0	0	0	1	0	0	0	0
13062	0	1	0	0	0	0	0	0
13063	0	1	0	0	0	0	0	0
13095	0	2	0	1	1	0	0	0
13101	0	2	0	0	0	0	0	0
13105	0	1	0	1	0	0	0	0
13106	0	0	0	0	1	0	0	0
13108	0	1	0	0	0	0	0	0
13117	0	1	0	0	0	0	0	0
13118	0	0	0	1	0	0	0	0
13119	0	0	0	1	0	0	0	0
13121	0	2	1	2	1	0	0	1
13122	0	1	1	2	0	0	0	0
13123	0	0	1	0	0	0	0	0
13125	0	1	0	0	0	0	0	0
13126	0	1	0	0	0	0	0	0
13163	0	1	0	0	0	0	0	0
13166	0	2	0	0	0	0	0	0
13167	0	2	0	0	0	0	0	0
13169	0	9	0	1	0	0	0	0
13170	0	1	0	0	0	0	0	0
13174	0	0	0	0	0	1	0	0
13175	0	1	1	0	0	0	0	0
13176	0	4	0	0	0	0	0	0
13177	0	1	0	0	0	0	0	0
13217	0	1	0	0	0	0	0	1
13218	0	0	1	0	0	0	0	0
13219	0	0	0	0	0	0	0	1
13221	0	2	0	1	0	0	1	0
13224	0	1	1	0	0	0	0	0
13226	0	1	1	2	0	0	0	0
13229	0	0	1	0	0	0	0	0
13232	0	1	0	0	0	0	0	0
13253	0	1	0	1	0	0	0	0
13254	0	0	0	2	0	0	0	0
13255	0	1	0	0	0	0	0	0
13257	0	1	0	0	0	0	0	0
13259	0	1	0	0	0	0	0	0
13261	0	0	0	2	0	0	1	0
13275	0	1	0	2	0	0	0	0
13278	0	0	0	2	0	0	0	0
13280	0	1	0	0	0	0	0	0
13327	0	3	0	0	0	0	0	0
13329	0	3	0	0	0	0	0	0
13330	0	4	0	1	0	0	0	0
13333	0	1	0	0	0	0	0	0
13334	0	1	0	0	0	0	0	0
13336	0	0	0	1	0	0	0	0
13338	0	1	0	0	0	0	0	0
13339	0	5	0	0	0	0	0	0
13340	0	1	0	0	0	0	0	0
13359	0	1	0	0	0	0	0	0
13360	0	2	0	0	0	0	0	0
13361	0	0	0	0	0	0	0	0
13363	0	1	0	0	0	0	0	0
13379	0	2	0	0	0	0	0	0
13381	0	1	0	0	0	0	0	0
13384	0	1	0	0	0	0	0	0
134	0	2	0	0	0	0	0	0
13460	0	0	0	2	0	1	0	0
13461	0	1	0	1	1	0	0	0
13465	0	1	0	1	0	0	0	0
13486	0	1	0	0	0	0	0	0
13487	0	1	0	0	0	0	0	0
13488	0	3	0	0	0	0	0	0
13489	0	7	1	1	0	0	0	0
13490	0	1	0	1	1	0	0	0
13491	0	1	0	0	0	0	0	0
13494	0	0	0	1	0	0	0	0
13495	0	4	0	2	1	0	0	0
13496	0	1	0	0	1	0	0	0
13501	0	1	0	0	0	0	0	0
13543	0	0	0	0	1	0	0	0
13546	0	1	0	0	0	0	0	0
13548	0	1	0	0	0	0	0	0
13549	0	1	0	0	0	0	0	0
13550	0	0	0	0	0	0	0	0
13552	0	0	0	1	1	0	0	0
13566	0	6	1	1	0	0	0	0
13567	0	2	0	0	0	0	0	0
13568	0	2	0	0	0	1	0	1
13574	0	0	1	0	0	0	0	0
13575	0	2	2	0	2	0	0	0
13578	0	0	1	0	0	0	0	0
1358	0	1	0	0	0	0	0	0
1359	0	3	0	0	0	0	0	0
13594	0	1	0	3	0	0	0	0
13596	0	2	0	0	0	0	0	0
13599	0	2	0	0	0	0	0	0
1360	0	1	0	0	0	0	0	0
13601	0	0	0	1	0	0	0	0
13602	0	1	0	0	0	0	0	0
13619	0	3	0	0	0	0	0	0
13620	0	3	0	0	0	0	0	0
13623	0	1	0	0	0	0	0	0
13624	0	1	0	0	0	0	0	0
13626	0	1	0	0	0	0	0	0
13628	0	0	1	0	0	0	0	0
1364	0	1	0	1	0	0	0	0
13642	0	5	0	0	0	0	0	0
13643	0	0	1	0	0	0	0	0
1365	0	4	0	0	0	0	0	0
13666	0	0	0	1	0	0	0	0
13668	0	0	0	1	0	0	0	0
13669	0	1	0	1	0	0	0	0
13670	0	0	0	2	0	0	0	0
13671	0	1	0	0	0	0	0	0
13672	0	10	0	3	1	0	0	0
13673	0	1	0	1	0	0	0	0
13674	1	1	0	1	0	0	0	0
1369	0	0	0	2	0	1	0	0
13693	1	1	0	1	0	0	0	0
13694	0	0	0	1	0	0	0	0
13695	0	0	0	1	0	0	0	0
13696	0	0	0	1	0	0	0	0
13699	0	0	0	0	0	0	0	1
1371	0	1	0	0	0	0	0	0
13713	0	0	0	1	1	0	0	0
13714	0	1	0	0	0	0	0	0
13717	0	1	1	2	0	0	0	0
13719	0	2	0	1	0	0	0	0
13720	0	1	0	0	0	0	0	0
1373	0	2	0	0	0	0	0	0
1376	0	1	0	0	0	0	0	0
13760	0	1	0	0	0	0	0	0
13762	1	1	1	0	0	0	0	0
13763	0	1	0	0	0	0	0	0
1377	0	1	0	0	0	0	0	0
1378	0	8	0	3	0	0	0	0
1379	0	0	0	1	0	0	1	0
13797	0	0	1	0	1	0	0	0
13799	0	0	0	1	0	0	0	0
13801	0	0	0	1	0	0	0	0
13802	0	1	0	0	0	0	0	0
13804	0	3	0	0	0	0	0	0
13806	0	1	0	0	0	0	0	0
13811	0	1	0	0	0	0	0	0
1384	0	1	0	0	0	0	0	0
13842	0	1	0	1	0	0	0	0
13843	0	0	0	1	0	0	0	0
13846	0	2	0	0	0	0	0	0
13849	0	1	0	0	0	0	0	0
13851	0	1	0	2	0	0	0	0
13852	0	1	1	0	0	0	0	0
13853	0	5	0	2	0	0	0	0
13855	0	0	0	1	0	0	0	0
1386	0	0	0	0	0	0	0	0
13874	0	0	0	1	0	0	0	0
13875	0	2	0	1	0	0	0	0
13877	0	1	0	0	0	0	0	0
1388	0	0	0	1	0	0	0	0
13886	0	3	0	1	0	0	0	0
13887	0	2	0	0	0	0	0	0
13890	0	0	0	1	0	0	0	0
13893	0	1	0	0	0	0	0	0
13894	1	1	0	2	0	0	0	0
1391	0	1	0	1	0	0	0	0
1392	1	3	0	2	1	1	0	0
14024	0	0	0	0	0	0	0	0
14027	0	0	0	0	1	0	0	0
1403	0	1	0	0	0	0	0	0
14030	0	1	0	0	0	0	0	0
14031	0	1	0	1	0	0	0	0
14035	0	0	0	0	1	0	0	0
14036	0	1	0	0	0	0	0	0
14037	0	0	0	0	1	0	0	0
14038	0	1	0	0	0	0	0	0
1405	0	0	0	1	0	0	0	0
1407	0	1	0	0	0	0	0	0
14076	0	6	0	0	0	0	0	0
14078	0	1	0	0	0	0	0	0
1408	0	1	0	0	1	0	0	0
14081	0	2	0	0	0	0	0	0
14082	0	6	0	1	1	1	0	0
14083	0	2	0	0	0	0	0	0
14085	0	0	0	0	0	0	0	0
1409	0	1	0	0	0	0	0	0
14094	0	3	0	0	0	0	0	0
141	0	0	0	1	0	1	0	0
1411	0	0	1	1	0	0	0	0
14111	0	0	0	0	1	0	0	0
14113	0	1	0	0	0	0	0	0
14115	0	2	0	0	0	0	0	0
14117	0	2	0	0	0	0	0	0
14118	0	0	0	1	0	0	0	0
14119	0	1	0	0	0	0	0	0
14121	0	3	0	0	0	0	0	0
14122	0	1	0	0	0	0	0	0
14125	0	1	0	0	0	0	0	0
14126	0	1	0	0	0	0	0	0
14128	0	5	1	1	0	0	0	0
14138	0	0	0	0	1	0	0	0
14139	0	1	0	0	0	0	0	0
14141	0	5	0	0	0	1	0	0
14143	0	2	0	1	0	0	0	0
14144	0	2	0	0	0	0	0	0
14147	0	1	0	1	0	0	0	0
14187	0	2	0	0	0	0	0	0
14189	0	3	0	0	0	0	0	0
14190	0	2	0	0	0	0	0	0
14192	0	1	0	1	0	1	0	0
14196	0	2	0	0	0	0	0	0
14197	0	1	0	0	0	0	0	0
142	1	0	0	1	0	0	0	0
14215	0	1	0	0	0	0	0	0
14220	0	1	0	0	0	0	0	0
14221	0	0	0	1	1	0	0	1
14228	0	1	0	0	0	0	0	0
14229	0	3	0	0	1	0	0	0
14230	0	1	0	0	0	0	0	0
14231	0	1	0	1	0	0	0	0
14234	0	0	0	1	0	0	0	0
14235	0	1	0	0	0	0	0	0
14236	0	1	0	0	0	0	0	0
1424	0	1	0	0	0	0	0	0
14248	1	1	0	0	0	0	0	0
14260	0	0	0	1	0	0	0	0
14263	0	1	0	0	0	0	0	0
14264	0	2	0	0	0	0	0	0
14265	0	1	0	0	0	0	0	0
14266	0	1	2	3	2	1	1	0
14269	0	1	0	1	0	1	1	1
1427	0	1	0	1	0	0	0	0
14270	0	1	0	0	0	0	0	0
14271	0	1	0	0	0	0	0	1
14272	0	1	0	0	0	0	0	0
14273	0	0	2	3	1	0	0	0
14274	0	1	0	0	0	0	0	0
14276	0	2	0	0	1	0	0	0
14278	0	1	1	0	0	0	0	0
14279	0	1	0	0	0	0	0	0
14280	0	3	0	0	0	0	0	0
14282	0	4	0	0	0	0	0	0
14285	0	0	1	0	0	0	0	0
14299	0	1	1	1	0	0	0	0
14300	0	1	0	0	0	0	0	0
14304	0	0	0	2	0	0	0	0
14329	0	2	0	0	0	0	0	0
14330	0	4	0	2	0	0	0	0
14331	0	1	0	0	0	0	0	0
14335	0	1	0	0	0	0	0	0
14336	0	3	0	0	0	0	0	0
14340	0	4	0	2	1	0	1	0
14343	0	2	1	0	0	0	0	0
14344	0	3	0	1	0	0	0	0
14345	0	1	0	0	0	0	0	0
14346	0	3	0	0	0	0	0	1
14347	0	3	0	2	0	0	0	0
14350	0	3	0	2	0	0	1	0
14358	0	2	0	1	0	0	0	0
14361	0	1	0	0	0	0	0	0
14363	0	0	0	1	0	0	0	0
14366	0	0	0	2	0	0	0	0
14367	0	1	0	1	0	0	0	0
14368	0	0	0	0	1	0	0	0
1437	0	1	0	0	0	0	0	0
14381	0	0	0	3	1	0	0	0
14383	0	0	1	2	1	0	0	0
14385	0	0	0	2	0	0	0	0
14386	0	0	1	1	0	0	0	0
14387	0	1	0	0	0	0	0	0
14388	0	1	0	2	0	0	0	0
14390	0	0	0	1	0	0	0	0
14392	0	2	1	0	0	0	0	0
14393	0	1	0	0	0	0	0	0
14395	0	2	0	0	0	0	0	0
14396	0	1	0	0	0	0	0	0
14398	0	4	1	1	0	0	0	0
14399	0	1	0	0	0	0	0	0
144	1	0	0	0	0	1	0	0
14400	0	1	0	0	0	0	1	0
14403	0	4	1	0	0	0	0	0
14405	0	0	0	0	1	0	0	0
14407	0	2	0	0	0	1	0	0
14451	0	1	0	0	0	0	0	0
14452	0	2	0	0	0	0	0	0
14455	0	1	0	0	0	0	0	0
14456	0	1	0	0	0	0	0	0
14458	0	2	0	0	0	0	0	0
14463	0	0	0	2	0	0	0	0
14469	0	0	0	1	0	0	0	0
14470	0	0	0	2	0	1	0	0
14471	0	0	0	2	1	0	0	0
14472	0	1	0	3	0	2	0	0
14473	0	0	0	2	0	0	0	0
14475	0	0	0	1	1	0	0	0
14476	0	1	0	1	0	0	0	0
14515	0	0	0	1	1	0	0	1
14516	0	1	0	2	0	0	0	0
14517	0	3	0	0	1	0	0	0
14522	0	9	0	4	2	0	0	1
14525	0	6	0	0	1	0	0	0
14526	0	2	0	1	0	0	0	0
14529	0	0	0	1	0	0	0	0
14530	0	0	0	1	0	0	0	0
14531	0	0	0	1	0	0	0	0
14534	0	1	0	0	0	0	0	0
14535	0	0	0	0	0	0	0	1
14537	0	1	0	3	0	0	0	0
14586	0	3	0	1	0	0	0	0
14589	0	4	0	1	1	1	0	0
14590	0	1	1	1	0	0	0	0
14591	0	0	0	0	1	0	0	0
14592	0	1	0	0	0	0	0	0
14593	0	2	0	2	0	0	0	0
14594	0	2	0	1	1	0	0	0
14598	0	9	0	2	0	0	0	0
14599	0	0	0	1	0	0	0	0
146	0	0	0	0	0	0	0	0
14600	0	2	0	0	0	0	0	0
14602	0	3	0	0	0	0	0	0
14603	0	2	0	0	0	0	0	0
14604	0	0	0	3	0	0	0	0
14605	0	1	0	3	0	0	0	0
14607	0	1	0	0	0	0	0	0
14608	0	2	0	1	0	0	0	0
14610	0	0	0	2	0	0	0	0
14611	0	0	0	1	0	0	0	0
14612	0	0	0	1	0	0	0	0
14613	0	0	0	1	0	0	0	0
14615	0	0	0	1	0	0	0	0
14643	0	0	0	2	0	0	0	0
14645	0	0	0	2	0	0	0	0
14647	0	0	0	1	0	0	0	0
14649	0	1	0	0	0	0	0	0
14651	0	0	0	1	0	0	0	0
14700	1	2	0	1	0	0	0	0
14706	0	1	0	0	0	0	0	0
14711	0	3	0	0	0	0	0	0
14734	0	0	0	1	0	0	0	0
14738	0	1	0	2	0	0	0	0
14740	0	0	0	0	0	1	0	0
14744	0	0	0	0	0	0	0	0
14748	0	1	0	0	0	0	0	0
14750	0	1	0	0	0	0	0	0
14755	0	1	0	0	0	0	0	0
14756	0	2	0	0	0	0	0	0
14798	0	1	0	0	0	0	0	0
148	0	1	1	0	0	0	0	0
14801	0	1	0	0	0	0	0	0
14805	0	0	0	1	0	0	0	0
14807	0	2	0	0	0	0	0	0
14808	0	1	0	1	0	0	0	0
14809	0	0	0	1	0	0	0	0
14810	0	0	0	1	0	0	0	0
14811	0	1	0	0	0	0	0	0
14851	0	1	0	0	0	0	0	0
14853	0	2	0	0	0	0	0	0
14854	0	0	0	1	0	0	0	0
14855	0	1	0	0	0	0	0	0
14856	0	1	0	0	0	0	0	0
14858	0	2	0	0	0	0	0	0
14860	0	1	0	0	0	0	0	0
14867	0	1	0	0	0	0	0	0
14886	0	0	0	0	0	0	0	0
14889	0	0	0	1	0	0	0	0
14894	0	1	0	0	0	0	0	0
14895	0	3	0	1	0	0	0	0
14896	0	4	1	3	1	0	0	0
14897	0	1	0	0	0	0	0	0
14898	0	1	0	0	0	0	0	0
14899	0	1	0	0	0	0	0	0
149	0	1	0	0	0	0	0	0
14903	0	7	1	3	0	0	0	0
14904	0	1	0	0	1	0	0	0
14906	0	2	0	0	0	0	0	0
14908	0	2	0	0	0	0	0	0
14909	0	7	0	3	0	0	0	0
14910	0	2	0	1	0	0	0	0
14912	0	1	0	0	0	0	0	0
14913	0	4	0	1	0	0	0	0
14915	0	1	0	0	0	0	0	0
14924	0	1	0	0	0	0	0	0
14925	0	0	0	0	0	0	1	0
14927	0	2	0	0	1	0	0	0
14928	0	8	0	2	1	0	0	0
14929	0	2	0	0	0	0	0	0
14930	0	2	0	0	0	0	0	0
14931	0	4	0	0	0	0	0	0
14932	0	2	0	1	0	0	0	0
14933	0	5	0	0	1	0	0	0
14934	0	1	0	0	0	0	0	0
14936	0	1	0	1	0	0	0	0
14937	0	0	0	0	1	0	0	0
14940	0	1	0	3	1	0	0	0
14941	0	1	0	1	0	0	0	0
14943	0	0	0	1	0	0	0	0
14944	0	2	0	0	0	0	0	0
14969	0	1	0	0	0	0	0	0
14973	0	0	0	1	0	1	0	0
14974	0	1	0	0	0	0	0	0
1498	0	1	0	0	0	0	0	0
1499	0	1	0	0	0	0	0	0
14992	0	1	0	0	0	0	0	0
14993	0	1	0	0	0	0	0	0
14997	0	1	0	0	0	0	0	0
15	0	2	0	0	0	0	0	0
150	0	0	0	0	0	0	0	1
15002	0	0	0	0	0	0	0	0
15003	0	0	0	1	0	0	0	0
15005	0	1	0	0	0	0	0	0
15009	0	1	0	1	0	0	0	0
1501	0	0	1	0	0	0	0	0
15012	0	3	0	1	0	0	0	0
15015	0	1	0	2	0	0	0	0
15028	0	3	0	0	0	0	0	0
15031	0	0	0	1	0	0	0	0
15036	0	2	0	0	0	0	0	0
15037	0	1	0	0	0	0	0	0
15038	0	2	0	1	0	0	0	0
1504	0	1	0	0	0	0	0	0
15041	0	0	0	0	0	0	0	0
15042	0	1	0	0	0	0	0	0
15045	0	1	0	0	0	0	0	0
15046	0	1	0	2	0	0	0	0
15048	0	0	0	1	0	0	0	0
15049	0	1	0	0	0	0	0	0
15050	0	0	0	2	0	0	0	0
15058	0	2	1	0	0	0	0	0
15059	0	5	0	1	0	0	0	0
15063	0	0	0	1	0	0	0	0
15064	0	2	0	0	0	0	0	0
15065	0	4	0	0	0	0	0	0
15067	0	0	0	0	0	0	1	0
15068	0	1	0	0	0	0	0	0
1507	0	5	0	2	0	0	0	0
15071	0	0	0	1	0	0	0	0
15073	0	2	0	1	0	0	0	0
15074	0	0	0	1	0	0	0	0
15075	0	1	0	2	0	0	0	0
15076	0	1	0	0	0	0	0	0
15077	1	0	0	0	0	0	0	0
15078	0	1	1	0	0	0	0	0
15079	0	0	0	1	0	0	0	0
15084	0	1	0	2	0	0	0	0
15087	0	0	0	1	0	0	0	0
15094	0	0	0	1	0	0	0	0
15095	0	1	1	1	0	0	0	0
15096	0	1	0	0	0	0	0	0
151	1	0	0	0	0	0	0	0
15104	0	0	0	1	0	0	0	0
15106	0	1	0	0	0	0	0	0
15108	0	1	0	1	0	0	0	0
15109	0	0	0	1	0	0	0	0
15111	0	0	0	2	0	0	0	0
15113	0	0	0	1	0	0	0	0
15114	0	1	0	0	0	0	0	0
15115	0	1	0	0	0	0	0	0
15116	0	1	0	0	0	0	0	0
15117	0	0	0	1	0	0	0	0
15119	0	6	0	4	0	0	0	0
15120	0	1	0	1	0	0	0	0
15121	0	1	0	1	0	0	0	1
15122	0	2	0	0	0	0	0	0
15123	0	0	0	1	0	0	0	0
15127	0	1	0	0	0	0	0	0
15128	0	0	0	0	0	0	0	0
15130	0	1	0	1	0	0	0	0
15142	0	1	0	2	0	0	0	0
15143	0	2	0	1	0	0	0	0
15145	0	1	0	1	0	0	0	0
15146	0	0	0	1	0	0	0	0
15164	0	3	0	0	0	0	1	0
15165	0	0	0	0	0	0	1	0
15166	0	2	0	0	0	0	0	0
15167	0	2	0	0	0	0	0	0
1517	0	1	0	0	0	0	0	0
15171	0	2	0	0	0	0	0	0
15183	0	0	0	1	0	0	0	0
15184	0	1	0	1	0	0	0	0
15185	0	3	0	0	0	1	1	0
15186	0	0	0	0	0	0	1	0
15187	0	1	0	1	0	0	0	0
15188	0	1	1	0	0	0	0	0
15189	0	4	1	0	0	0	0	0
1519	0	0	0	1	0	0	0	0
15190	0	3	0	0	0	0	0	0
15192	0	2	0	1	0	0	0	1
15194	0	1	0	0	0	0	0	0
15195	0	2	0	1	0	0	0	0
15196	0	1	0	1	0	0	0	0
15197	0	1	0	0	0	0	0	0
152	2	2	0	1	0	3	0	1
15203	0	0	0	1	0	0	0	0
15205	0	3	0	0	1	0	0	0
15207	0	2	0	0	0	0	0	0
15208	0	0	0	0	0	0	0	1
15209	0	2	0	0	0	0	0	0
15211	0	0	0	0	1	0	0	0
15212	0	1	0	0	0	0	0	0
15214	0	1	0	2	2	0	0	0
15217	0	0	0	0	1	0	0	0
15221	0	0	0	1	0	0	0	0
15225	0	1	0	1	0	0	0	0
15228	0	1	0	0	0	0	0	0
15257	0	0	0	0	0	0	0	0
15259	0	1	0	1	0	0	0	0
15260	0	0	0	2	0	0	0	0
15282	0	1	0	0	0	0	0	0
15289	0	5	0	1	1	0	0	0
1529	0	0	0	0	0	0	1	0
15290	0	1	0	0	0	0	0	0
153	0	9	6	3	1	2	2	0
15303	0	0	1	0	0	0	0	0
15316	0	2	0	1	0	0	0	0
15317	0	2	0	0	0	0	0	0
15321	0	1	0	0	1	0	0	0
15322	0	0	0	0	0	1	0	0
15323	0	2	0	1	1	0	0	0
15324	0	1	0	0	0	0	0	0
15327	0	0	0	1	1	0	0	0
15329	0	0	0	1	0	0	0	0
15332	0	1	0	1	0	0	0	0
1536	0	1	0	0	0	0	0	0
15362	0	2	0	1	0	0	0	0
15363	1	0	0	3	0	0	0	0
15364	0	1	0	0	0	0	0	0
15366	0	2	0	0	0	0	0	0
15367	0	3	0	1	0	0	0	0
15368	0	1	0	1	0	0	0	0
15369	1	1	0	0	0	0	0	0
15370	1	0	0	0	0	0	0	0
15371	1	2	0	1	0	0	0	0
15374	0	0	0	1	0	0	0	0
15376	0	0	0	2	0	0	0	1
15378	0	0	0	1	0	0	0	0
1538	0	3	0	0	0	0	0	0
15384	0	3	1	2	0	0	0	0
15386	0	3	0	0	0	0	1	0
15387	0	1	0	0	0	0	0	0
15388	0	0	0	1	0	0	0	0
15389	0	5	0	0	0	0	0	0
15390	0	1	0	0	0	0	0	0
15391	0	0	0	0	0	1	0	0
15392	0	0	2	0	0	0	0	0
15395	0	1	0	0	0	0	0	0
15400	0	2	0	0	0	0	0	0
15401	0	2	0	1	0	0	0	0
15403	0	4	0	0	0	1	0	0
15406	0	0	0	0	0	1	0	0
15408	0	4	1	2	1	0	1	0
15415	0	1	0	1	0	0	0	0
15418	0	5	0	2	0	0	0	0
15419	0	1	0	0	0	0	0	0
15420	0	1	0	0	0	0	0	0
15421	0	0	0	2	0	0	0	0
15423	0	1	0	0	0	0	0	0
15425	0	1	0	1	0	0	0	0
15428	0	1	0	0	0	0	0	0
15432	0	0	0	0	1	0	0	0
15435	0	1	0	0	1	0	0	0
15438	0	0	0	1	0	0	0	0
15442	0	1	0	0	0	0	0	0
15447	0	1	0	0	0	0	0	0
15493	0	0	0	2	0	0	0	0
15494	0	2	0	1	0	1	0	0
15495	0	1	0	0	0	0	0	0
15496	0	2	0	0	0	0	0	1
15497	0	1	0	0	0	0	0	0
15498	0	1	0	3	2	0	0	0
15499	0	4	0	0	1	0	0	0
155	0	2	0	2	0	0	0	1
15500	0	1	0	0	0	0	0	0
15501	0	6	0	1	1	0	1	0
15502	0	1	0	0	0	0	0	0
15504	0	3	0	1	2	1	1	0
15526	0	1	0	0	0	0	0	0
1553	0	1	0	1	0	0	0	0
15532	0	0	0	0	0	0	0	0
15549	0	5	0	0	0	0	0	0
15550	0	0	1	0	0	0	0	0
15551	0	0	0	1	0	0	0	0
15555	0	1	0	0	0	0	0	0
15556	0	1	0	0	0	0	0	0
1556	0	2	0	1	0	1	0	0
1557	0	2	0	1	0	0	0	0
1558	0	1	0	0	0	0	0	0
15615	0	0	0	0	0	0	2	0
15618	0	0	0	1	0	0	0	0
1562	0	0	0	1	0	0	0	0
15621	0	1	0	0	0	0	0	0
15622	0	4	0	1	0	0	0	0
15623	0	0	0	0	0	0	0	0
15624	0	3	0	0	0	0	0	0
15628	0	0	0	0	0	0	1	0
1564	0	2	0	0	0	0	0	0
1565	0	1	0	0	0	0	0	0
1566	0	1	0	0	0	0	0	0
15668	0	1	0	0	0	0	0	0
1568	0	0	0	0	0	0	0	0
15689	0	1	0	1	0	0	0	0
1569	0	2	0	0	0	0	0	0
15693	0	1	0	0	0	0	0	0
15694	0	3	0	0	0	0	0	0
15695	0	7	0	0	1	0	1	0
15698	0	4	1	0	0	0	0	0
1570	0	1	0	0	0	0	0	0
15701	0	1	0	0	0	0	0	0
15703	0	1	0	0	0	0	0	0
15704	0	1	0	0	0	0	0	0
15706	0	0	1	0	0	0	0	0
15707	0	0	0	0	1	0	0	0
15708	1	1	0	1	0	0	0	0
1571	0	4	0	1	0	0	0	1
15710	0	2	0	0	0	0	0	0
15712	0	4	0	0	0	0	0	0
15715	0	2	0	0	0	0	0	0
15716	0	4	1	3	1	0	0	0
15717	0	1	0	0	0	0	0	0
15718	0	7	4	0	1	0	0	0
15719	0	1	0	0	0	0	0	0
15721	0	1	0	0	0	0	0	0
1573	0	0	0	0	0	0	0	0
1574	0	1	0	0	0	0	0	0
15753	0	0	1	3	1	0	0	0
15755	0	2	0	1	0	0	1	0
15757	0	0	0	5	0	0	0	0
15760	0	2	0	3	0	0	0	0
15776	0	1	0	0	0	0	0	0
15779	0	3	0	2	0	0	0	0
1578	0	4	0	0	0	0	0	0
15780	0	2	0	0	0	0	0	0
15782	0	2	0	0	0	0	0	0
15785	0	1	0	0	0	0	0	0
15787	1	1	0	0	0	0	1	0
1579	0	2	0	0	0	0	0	0
158	0	0	0	2	0	0	0	0
1580	0	0	0	1	1	0	0	0
1581	0	1	0	1	0	0	0	0
1584	0	1	0	0	0	0	0	0
1585	0	0	0	1	0	0	0	0
1587	0	0	0	1	0	0	0	0
1591	0	3	0	0	0	0	0	0
1592	0	3	0	0	1	0	0	0
1593	0	0	0	0	1	0	0	0
1595	0	0	0	0	0	0	0	1
1597	0	0	0	0	1	0	0	0
1599	0	2	0	0	0	0	0	0
16	0	2	0	0	0	0	0	0
1601	0	0	0	1	0	0	0	0
1605	0	1	0	0	0	0	0	0
1606	0	1	0	1	0	0	0	0
1608	0	1	0	0	0	0	0	0
1610	0	1	0	0	0	0	0	0
1611	0	1	0	0	0	0	1	0
1612	0	0	0	1	0	0	0	0
1614	0	0	0	0	0	0	0	0
1618	2	0	0	1	0	0	0	0
162	0	0	0	1	0	0	0	0
1620	0	0	1	0	0	0	0	0
1621	1	1	0	1	0	0	0	0
1625	0	0	0	1	0	0	0	0
1627	1	0	0	0	0	0	0	0
1628	1	3	0	0	0	1	0	0
163	0	0	0	1	0	0	0	0
1631	1	0	0	0	0	0	0	0
1633	0	2	0	1	1	0	0	0
1636	0	1	0	0	0	0	0	0
1638	0	0	0	1	0	0	0	0
1639	0	2	0	0	0	0	0	0
1641	0	2	0	0	0	1	1	0
1643	0	1	0	0	0	0	0	0
1654	0	1	0	0	0	0	0	0
1658	0	2	0	0	0	0	0	0
1659	0	1	0	0	1	0	0	0
1662	0	1	0	2	0	0	0	0
1665	0	1	0	0	0	0	0	0
1667	0	4	0	1	0	0	0	0
1672	0	2	1	1	0	0	0	0
1673	0	2	2	2	0	3	0	0
1675	0	2	0	0	0	0	0	0
1676	0	2	0	0	0	1	0	0
1677	0	0	0	0	0	1	0	0
1715	0	1	0	0	0	0	0	0
1717	0	1	0	0	1	0	0	0
1718	0	1	0	0	0	0	0	0
1721	0	1	0	0	0	0	0	0
1723	0	2	0	0	0	0	0	0
1724	0	1	0	0	0	0	0	0
1726	0	1	1	0	0	0	0	0
1727	0	9	1	2	0	0	0	0
1728	0	2	1	0	0	0	0	0
1730	0	2	1	1	0	0	0	0
1732	0	1	0	0	0	0	0	0
1736	0	1	0	0	0	0	0	0
1748	0	0	0	1	0	0	0	0
1749	0	0	0	0	1	0	0	0
1752	0	1	0	0	0	0	0	0
1756	0	1	0	0	0	0	0	0
1757	0	3	0	0	1	0	0	0
1759	0	1	0	1	0	0	0	0
176	0	1	0	0	0	0	0	0
1761	0	0	0	0	1	0	0	0
1762	0	1	0	0	0	0	0	0
1763	0	1	0	0	0	0	0	0
1764	0	2	0	0	0	0	0	0
1766	0	0	0	0	1	0	0	0
177	0	2	0	0	0	0	0	0
1775	0	1	0	0	0	0	0	0
1777	0	1	0	1	0	0	0	0
178	0	3	0	1	2	0	0	0
1788	0	1	0	0	0	0	0	0
1790	0	0	0	0	1	0	0	0
1793	0	0	0	0	0	1	0	0
1795	0	1	0	0	0	0	0	0
1796	0	1	0	2	0	1	0	0
1798	0	0	0	0	0	1	0	0
18	0	2	0	0	0	0	0	0
1802	0	9	0	1	0	3	1	0
1808	0	0	3	0	0	0	0	0
1816	0	1	0	0	0	0	0	0
1817	0	1	0	0	1	0	0	0
1819	0	7	1	1	0	0	0	0
1820	0	2	1	1	0	0	0	0
1821	0	4	0	0	0	0	0	0
1822	0	5	0	0	0	0	0	0
1824	0	3	0	0	0	0	0	0
1826	0	1	0	0	0	0	0	0
1828	0	1	0	0	0	0	0	0
184	0	1	0	0	0	0	0	0
1848	0	2	0	1	1	0	0	0
185	0	1	0	0	0	0	0	0
1855	0	1	0	1	0	0	0	0
1856	0	1	0	0	0	0	0	0
187	0	0	0	0	0	0	0	0
1877	0	0	1	0	0	0	0	0
1884	0	1	0	0	0	0	0	0
1886	0	1	0	0	0	0	0	0
1888	0	0	0	1	0	0	0	0
1889	0	1	0	1	0	0	0	0
189	0	0	0	0	0	0	0	0
1895	0	1	0	1	0	0	0	0
19	0	2	0	0	0	0	0	0
190	0	9	1	0	0	0	0	0
1900	0	3	0	1	0	0	0	0
1901	0	3	0	0	0	0	0	0
1902	0	1	0	1	0	0	0	0
1903	0	3	0	2	0	0	0	0
1905	0	1	0	0	0	0	0	0
1909	0	6	0	2	0	0	0	0
1913	0	2	0	0	0	0	0	0
1916	0	1	0	1	1	0	0	0
1919	0	1	0	0	0	0	0	0
192	0	1	0	0	0	0	0	0
1925	0	0	0	1	0	0	0	0
1927	0	0	0	0	0	0	0	0
1928	0	1	0	0	0	0	0	0
1932	0	4	0	2	0	1	0	0
1933	0	1	0	1	0	0	0	0
1934	0	4	0	0	0	0	0	0
1936	0	0	0	1	1	0	0	0
1937	0	8	0	1	0	0	0	0
1939	0	4	0	0	0	0	0	0
194	0	1	0	0	0	0	0	0
1940	0	1	0	0	0	0	0	0
1941	0	1	0	0	0	0	0	0
1945	0	1	0	0	0	0	0	0
195	0	1	0	0	0	0	0	0
1967	0	0	0	0	0	0	0	0
197	0	1	0	0	0	0	0	0
1970	0	1	0	1	0	0	0	0
1971	0	1	0	0	0	0	0	0
1978	0	2	0	0	0	0	0	0
198	0	0	0	0	1	0	0	0
1993	1	2	0	0	0	0	0	0
1995	0	1	0	0	0	0	0	0
1996	0	1	0	0	0	0	0	0
1998	0	12	0	1	1	2	0	0
1999	0	1	0	0	0	0	0	0
200	0	1	0	0	0	0	0	0
2000	0	0	0	0	0	0	0	0
2001	0	0	0	2	0	0	0	0
201	0	1	0	0	0	0	0	0
2021	0	4	0	0	3	0	0	0
2022	0	1	0	0	0	0	0	0
2024	0	1	0	0	2	1	0	0
2025	0	1	0	1	1	0	0	0
2026	0	0	0	0	2	0	0	0
2027	0	0	0	0	1	0	0	0
2029	0	3	0	0	0	0	1	0
203	0	1	0	0	0	0	0	0
2031	0	0	2	0	0	0	1	0
2034	0	3	0	0	0	0	0	0
2035	0	0	0	0	1	0	0	0
2042	0	1	0	3	0	0	0	0
2044	0	1	0	2	0	0	0	0
2045	0	1	0	2	0	0	0	0
2049	0	0	0	1	0	0	0	0
2050	0	0	0	1	0	0	0	0
2069	0	1	0	0	0	0	0	0
2071	0	9	0	0	0	0	0	0
2072	0	1	0	0	0	0	0	0
2073	0	1	0	0	0	0	0	0
2074	0	1	0	0	0	0	0	0
2077	0	1	0	1	0	0	0	0
208	0	1	0	0	0	0	0	0
2084	0	1	0	0	0	0	0	0
2085	0	0	0	1	0	0	0	0
2093	0	1	0	0	0	0	0	0
2096	0	2	0	0	0	0	0	0
2097	0	1	0	0	0	0	0	0
2117	0	1	0	0	0	1	0	0
2119	0	1	0	0	0	0	0	0
212	0	1	0	0	0	0	0	0
2121	0	0	0	1	0	0	0	0
2123	0	0	0	0	1	0	0	0
2125	0	1	0	0	0	0	0	0
2126	0	2	0	0	0	0	0	1
2129	0	1	0	0	0	0	0	0
213	0	6	0	3	0	0	0	0
2130	0	1	0	0	0	0	0	0
2131	0	9	0	0	0	0	1	0
2133	0	6	0	0	0	0	0	0
2137	0	1	0	0	0	0	0	0
2140	0	4	0	0	1	0	0	0
2141	0	1	0	0	0	0	0	0
2159	0	2	0	0	1	1	0	0
216	0	0	0	5	1	0	0	0
2160	0	0	0	1	0	0	0	0
2161	0	0	0	0	0	1	0	0
2162	0	0	0	1	0	0	0	0
2165	0	0	0	0	0	1	0	0
2166	0	1	0	1	0	1	0	0
2167	0	0	0	0	0	1	0	0
2168	0	1	0	1	0	1	0	0
2169	0	2	0	2	0	0	0	0
217	0	1	0	1	0	0	0	0
2170	0	1	0	1	0	0	0	0
2172	0	1	0	0	0	0	0	0
2173	0	2	0	1	0	0	0	0
2174	0	1	0	1	0	0	0	0
2175	0	1	0	1	0	0	0	0
2176	0	1	0	1	0	0	0	0
2177	0	1	0	3	0	0	0	0
218	0	2	0	2	0	0	0	0
2180	0	1	0	0	0	0	0	0
2181	0	1	1	0	0	0	0	0
2184	0	2	0	0	0	0	0	0
2195	0	1	0	0	0	0	0	0
220	0	0	0	2	0	0	0	0
2200	0	3	0	0	0	0	0	0
2202	0	0	0	0	0	1	0	0
2204	0	0	0	0	0	1	0	0
2205	0	1	0	0	0	1	0	0
2207	0	0	0	0	0	1	0	0
221	0	0	0	1	0	0	0	0
2213	0	1	0	0	0	0	0	0
2214	0	1	0	0	0	0	0	0
22163	1	1	0	0	0	0	0	0
22166	0	0	0	1	1	0	0	0
22169	0	2	0	3	0	0	0	0
22171	0	0	0	1	0	0	0	0
2218	0	3	0	0	0	0	0	0
222	0	0	0	3	0	0	0	0
2220	0	3	0	0	0	0	0	0
2224	0	8	0	1	0	0	1	0
2226	0	3	1	1	0	0	0	0
2235	0	1	0	0	0	0	0	0
2237	0	1	2	0	0	0	0	0
2242	0	8	1	0	1	0	0	0
225	0	0	0	1	0	0	0	0
2275	0	1	0	0	0	0	0	0
2277	0	1	0	1	0	0	0	0
228	0	0	0	2	0	0	0	0
2280	0	2	0	0	0	0	0	0
2289	1	1	0	0	0	0	0	0
2300	0	0	0	1	0	0	0	0
2301	0	1	0	2	0	0	0	0
2302	0	2	0	0	0	0	0	0
2303	0	1	0	3	0	0	0	0
2304	0	0	0	1	0	0	0	0
2305	0	1	0	6	0	0	0	0
2306	0	1	0	1	0	0	0	0
2307	0	0	0	1	0	0	0	0
2315	0	0	0	1	0	0	0	0
2316	0	2	0	0	0	0	0	0
2320	0	3	0	0	0	0	0	0
2321	0	3	0	0	0	0	1	0
2323	0	0	0	1	0	0	0	0
2324	0	1	0	0	0	0	0	0
2325	0	1	0	0	0	0	0	0
2327	1	0	0	0	0	0	0	0
2330	0	0	0	1	0	0	0	0
2335	1	2	0	2	0	0	1	0
2336	0	1	0	0	0	0	0	0
2341	0	1	0	0	0	0	1	0
2343	1	7	0	0	0	0	0	0
2346	0	1	0	2	0	0	0	0
2349	0	1	0	0	0	0	0	0
2351	0	1	0	0	0	0	1	0
2352	0	1	1	5	0	0	0	0
2355	0	2	0	0	0	0	0	0
2362	0	1	0	0	0	0	0	0
2363	0	1	0	1	0	0	0	0
2365	0	1	0	0	0	0	0	0
2370	0	1	0	0	0	0	0	0
2372	0	4	0	3	0	0	0	0
2373	0	1	0	1	0	0	0	0
2377	0	0	1	0	0	0	0	0
2381	0	0	0	0	0	0	1	0
24	0	1	0	0	0	0	0	0
2410	0	1	0	0	0	0	0	0
2411	0	1	0	0	0	0	0	0
2412	0	0	0	0	0	0	0	0
2414	0	1	0	0	0	0	0	0
2417	0	0	0	0	0	0	0	0
2418	0	1	0	0	0	0	0	0
2420	0	1	0	0	0	0	0	0
2422	0	2	0	0	2	0	0	0
2424	0	1	0	1	1	0	1	0
2430	0	0	0	2	0	1	0	0
2431	0	0	0	1	0	0	0	0
2432	0	0	0	0	0	0	0	0
2436	0	0	0	0	0	1	0	0
2437	0	0	0	2	0	0	0	0
244	1	12	1	4	0	0	0	0
2443	0	0	0	2	0	0	0	0
2447	0	0	0	1	0	1	0	0
245	0	8	0	1	0	0	0	0
2450	0	2	0	0	0	0	0	0
2451	0	0	0	0	0	1	0	0
2457	0	5	0	2	0	0	0	0
2458	0	3	0	0	0	0	1	0
2459	0	5	0	0	0	0	0	0
2461	0	4	0	1	0	0	0	0
2465	0	1	0	0	0	0	0	0
2466	0	1	0	0	0	0	0	0
2469	0	0	0	1	0	0	0	0
247	0	1	0	0	0	0	0	0
2472	0	1	1	0	0	0	0	0
2487	0	1	0	0	0	0	0	0
249	0	2	0	0	0	0	0	0
2491	0	2	0	0	0	0	0	0
2493	0	2	0	0	0	0	0	0
2494	0	1	0	0	0	0	0	0
2496	0	1	0	0	1	0	0	0
2498	0	1	0	0	0	0	0	0
2499	0	1	0	0	1	0	0	0
250	0	1	0	0	0	0	0	0
2500	0	1	0	0	0	0	0	0
2502	0	2	0	0	0	0	0	0
2504	0	2	0	0	0	0	0	0
2505	0	3	0	0	0	0	0	0
2507	0	2	0	0	0	0	0	0
2508	0	3	0	0	0	0	0	0
251	0	2	0	1	0	0	0	0
2512	0	5	0	1	0	0	0	0
2513	0	3	0	0	0	0	0	0
2514	0	1	0	0	0	0	0	0
2518	0	2	0	0	0	0	0	0
2519	0	0	0	1	0	0	0	0
2520	0	1	0	0	0	0	0	0
2524	0	0	0	2	0	0	0	0
2527	0	0	0	1	0	0	0	0
2529	0	1	0	0	0	0	0	0
2532	0	0	0	0	1	0	0	0
2537	0	0	0	1	1	0	0	0
2538	0	2	0	1	1	0	0	0
2539	0	2	1	0	0	0	0	0
254	0	2	0	3	1	3	0	0
2541	0	0	0	0	0	0	0	0
2543	0	1	0	2	0	0	0	0
2545	0	0	0	1	0	0	0	0
2547	0	0	0	2	0	0	0	0
2548	0	0	0	2	0	0	0	0
2549	0	1	0	2	1	0	0	0
2551	1	0	0	4	0	0	2	0
2552	0	0	2	0	0	0	0	0
2553	0	2	2	0	0	0	0	0
2556	0	0	1	0	0	0	0	0
2557	0	0	3	0	0	1	1	0
2560	0	1	0	0	0	0	1	0
2563	0	0	1	2	0	0	0	0
2564	0	1	0	1	0	0	0	0
2566	0	1	0	0	0	0	0	0
2568	0	1	0	0	0	0	0	0
2569	0	1	0	0	0	0	0	0
2570	0	1	0	0	1	0	0	0
258	0	1	0	6	0	2	0	0
2583	0	1	0	0	0	0	0	0
2584	0	1	0	2	1	0	0	0
2585	0	0	0	0	0	0	0	0
2587	0	1	0	0	0	0	0	0
2588	0	1	0	0	0	0	0	0
2589	0	1	0	0	0	0	0	0
259	0	0	0	1	0	0	0	0
2590	0	1	0	0	0	0	0	0
2591	0	1	0	1	0	0	0	0
2592	0	0	0	0	1	0	0	1
2595	0	0	0	0	0	0	0	0
2596	0	4	0	2	0	0	0	0
2598	0	3	0	0	0	0	0	0
2606	0	2	0	0	0	0	0	0
2607	0	0	0	1	0	0	0	0
261	0	1	0	1	1	1	0	0
2611	0	1	0	0	0	0	0	0
2612	0	3	0	0	0	0	0	0
2613	0	1	0	0	0	0	0	0
2615	0	2	0	0	0	0	1	0
2616	0	2	0	0	0	0	0	0
2617	0	1	0	0	0	0	0	0
2620	0	0	0	1	0	0	0	0
2624	0	0	0	0	0	0	0	0
2636	0	1	0	0	0	0	0	0
2660	0	2	0	0	0	0	0	0
2661	0	3	0	0	0	0	0	0
2663	0	0	0	0	0	0	0	0
2666	0	4	0	0	0	0	0	0
2667	1	2	0	0	1	0	0	0
2668	0	3	0	1	0	0	0	0
2669	0	1	0	0	0	0	0	0
2670	0	2	0	0	0	0	0	1
2671	0	2	0	0	0	0	0	0
2672	0	1	0	1	0	0	0	0
2673	0	3	0	0	0	0	0	0
2676	0	0	0	1	0	0	0	0
2682	0	1	0	2	0	0	0	0
2695	0	0	0	0	0	0	0	0
2699	0	0	0	1	0	0	0	0
2701	0	1	0	0	0	0	0	0
2704	0	0	0	1	0	0	0	0
2705	0	0	0	2	0	0	0	0
2707	0	0	0	1	0	0	0	0
2708	0	0	0	3	0	0	0	0
2710	0	0	0	0	1	0	1	0
2718	0	0	1	0	0	0	0	0
272	0	1	0	1	0	0	0	0
2722	0	1	0	0	0	0	0	0
2725	0	2	0	0	0	0	0	0
2727	0	1	1	1	1	0	0	0
2731	0	1	0	2	0	0	0	0
2732	0	0	0	1	0	0	0	0
2733	0	3	0	5	1	0	0	0
2734	0	2	0	0	0	0	0	0
274	0	1	1	1	0	0	0	0
2741	0	1	0	0	0	0	0	0
2744	0	3	0	1	0	0	0	0
2745	0	1	0	0	0	0	0	0
2754	0	1	0	0	0	0	0	0
2756	0	2	0	0	0	0	0	0
2759	0	1	1	0	0	0	0	0
2762	0	0	0	1	0	0	0	0
2764	0	1	0	1	0	0	0	0
279	0	0	1	0	0	0	0	0
2793	0	0	1	0	0	0	0	0
2798	0	0	0	2	0	0	0	0
28	0	1	0	0	0	0	0	0
2800	0	0	0	1	0	0	0	0
2803	0	1	0	0	1	0	0	0
2805	0	3	0	0	0	0	0	0
281	0	0	0	1	0	0	0	0
2810	0	1	1	0	0	0	0	0
2811	0	1	0	0	0	0	0	0
2813	0	1	0	0	0	0	0	0
282	0	0	0	1	0	0	0	0
2820	0	5	0	1	0	0	0	0
2822	0	2	0	0	0	0	0	0
2824	0	0	0	1	0	0	0	0
2829	0	1	0	0	0	0	0	0
283	0	0	0	2	0	0	0	0
2836	0	1	2	0	0	0	0	0
2838	0	2	0	0	0	0	0	0
2842	0	0	0	0	1	0	0	0
2843	0	1	0	0	0	0	0	0
2845	0	1	0	1	0	0	0	0
2846	0	1	0	0	0	0	0	0
2847	0	1	0	0	0	0	0	0
2848	0	0	0	1	0	0	0	0
285	0	0	0	2	0	0	0	0
2853	0	0	0	0	0	2	0	0
2854	0	7	0	1	0	0	0	0
2858	0	15	0	1	0	0	0	0
286	0	0	0	1	0	0	0	0
2860	0	2	0	0	0	0	0	0
2862	0	1	0	0	0	0	0	0
2863	0	1	0	0	0	0	1	0
2866	0	1	0	0	0	0	0	0
2867	0	1	0	0	0	0	0	0
2869	0	2	0	1	0	0	0	0
2870	0	1	0	0	0	0	0	0
2872	0	1	0	0	0	0	0	0
2874	0	1	0	0	0	0	0	0
2875	0	3	0	0	1	0	0	0
2897	0	0	0	1	1	0	0	0
2898	0	2	0	0	0	0	0	0
2899	0	0	0	0	0	1	0	0
2901	0	0	0	0	0	1	0	0
2904	0	3	0	0	0	1	0	0
2905	0	0	0	0	0	1	0	0
2906	0	1	0	0	0	0	0	0
2908	0	1	0	0	0	0	0	0
2910	0	4	0	1	0	1	0	0
2912	0	0	0	1	0	1	0	0
2913	0	0	0	0	0	1	0	0
2915	0	4	0	1	3	1	0	0
2917	1	4	0	3	0	0	0	0
2918	0	1	0	0	0	0	0	0
2919	0	1	0	0	0	0	0	0
292	0	1	0	0	0	0	0	0
2921	0	1	0	0	0	0	0	0
2923	0	5	0	0	0	0	0	0
2924	0	1	0	0	0	0	0	0
2927	0	2	0	1	1	0	0	0
2928	0	1	0	0	0	0	0	0
2929	0	1	0	0	0	0	0	0
293	0	0	0	1	0	0	0	0
2930	0	0	0	0	0	0	1	0
2932	0	1	0	0	0	0	0	0
2933	0	5	0	1	0	0	1	0
2936	0	2	0	3	1	0	1	0
2957	0	1	0	0	0	0	0	0
2959	0	1	0	1	0	0	0	0
296	0	0	0	3	0	0	1	0
2960	1	0	0	0	0	0	0	0
2961	1	3	0	0	0	0	0	0
2968	0	1	0	1	0	0	0	0
2969	0	1	0	0	0	0	0	0
297	0	0	0	1	0	0	0	0
298	0	0	0	1	0	0	0	0
2983	0	1	0	0	0	0	0	0
2985	0	1	0	0	0	0	0	0
2989	0	2	0	2	0	0	0	0
2990	0	2	0	3	0	0	0	0
2993	0	1	0	1	0	0	0	0
3000	0	0	0	1	0	0	0	0
3005	0	0	0	1	0	0	0	0
3008	0	0	0	2	0	0	0	0
3011	0	0	0	2	0	0	0	0
3012	0	3	0	1	0	0	0	0
3018	0	0	0	1	0	0	0	0
3020	0	0	0	1	0	0	0	0
3021	0	0	0	1	0	0	0	0
3023	0	2	0	0	0	0	0	0
3025	0	1	0	0	0	0	0	0
3029	0	1	0	0	0	0	0	0
3035	0	0	1	0	0	0	0	0
3039	0	0	0	0	0	0	0	0
3045	0	1	0	0	0	0	0	0
3047	0	2	0	0	0	0	0	0
3048	0	1	0	0	0	0	0	0
3052	0	1	0	0	0	0	0	0
3053	0	1	0	0	0	0	0	0
3054	0	1	0	0	0	0	0	0
3055	0	1	0	0	0	0	0	0
3056	0	1	0	1	0	0	0	0
3058	0	1	0	1	0	0	0	0
3061	0	0	0	0	1	0	0	0
3065	0	0	0	1	0	0	0	0
3067	0	1	0	2	0	0	0	0
3068	0	0	0	2	0	0	0	0
3069	0	0	0	1	0	0	0	0
3072	0	0	0	1	0	0	0	0
3073	0	0	0	0	1	0	0	0
3076	0	0	0	1	0	0	0	0
3077	0	0	1	0	0	0	0	0
3078	0	1	0	0	0	0	0	0
3080	0	1	1	1	0	0	1	0
3081	0	1	0	0	2	0	0	0
3082	0	0	0	0	1	0	0	0
3083	0	1	1	0	1	0	0	0
3085	0	0	0	0	0	0	0	0
3089	0	1	0	0	0	0	0	0
3091	0	2	0	1	0	0	0	0
3092	0	1	0	0	0	0	0	0
3098	0	1	0	0	0	0	0	0
3100	0	0	0	0	0	0	0	0
3103	0	0	0	1	0	0	0	0
3104	0	1	0	1	0	0	0	0
3105	0	7	0	1	1	0	0	0
3110	0	2	1	1	0	0	0	0
3114	0	1	0	0	0	0	0	0
3119	0	2	0	0	0	0	0	0
3124	0	1	0	0	0	0	0	0
3125	0	1	0	0	0	0	0	0
3126	0	5	0	0	0	0	1	0
3127	0	0	0	0	1	0	0	0
3130	0	0	0	0	0	0	0	0
3136	0	1	0	0	1	0	0	0
3137	0	6	1	0	0	0	0	0
3139	0	1	0	0	0	0	0	0
315	0	1	0	1	0	0	0	0
316	0	1	0	1	0	0	0	0
3162	0	2	0	0	0	0	0	0
3163	0	0	0	1	0	0	0	0
3165	0	1	0	0	0	0	0	0
3167	0	2	2	3	0	0	1	0
3169	0	2	0	0	0	0	0	0
3171	0	0	1	0	1	0	0	0
3172	0	0	0	0	1	0	0	0
3173	0	1	0	0	0	0	0	0
3178	0	1	0	0	0	0	0	0
3180	0	0	0	0	2	0	0	0
3217	0	0	0	0	0	0	0	1
3221	0	0	1	0	0	0	0	0
3223	0	7	0	4	1	1	2	1
3224	0	0	0	0	0	1	0	1
3225	0	2	0	0	0	0	0	1
3226	0	0	0	0	0	0	0	1
3227	0	4	0	2	0	1	0	1
3228	0	1	0	0	1	0	0	1
323	0	1	0	0	0	0	0	0
324	0	1	0	0	0	0	0	0
3244	0	1	0	1	0	0	0	0
3246	0	2	0	1	0	0	0	0
3247	0	1	0	0	0	0	0	0
3265	0	2	0	1	0	1	0	0
3266	0	6	0	0	0	0	0	0
3268	0	1	0	0	0	0	0	0
3270	0	1	0	0	0	0	0	0
3273	0	1	0	0	0	0	0	0
3275	0	5	0	0	1	0	0	0
3277	0	3	0	1	0	0	0	0
328	0	1	0	0	0	0	0	0
3295	0	1	1	0	0	0	0	0
3300	0	2	0	0	0	0	0	0
3302	0	2	0	1	0	1	0	0
3304	0	5	0	0	1	0	0	0
3307	0	1	0	0	0	0	0	0
3308	0	2	0	0	0	0	0	0
3312	0	4	0	0	1	0	0	0
3313	0	1	0	0	2	0	0	0
3314	0	0	0	0	1	0	0	0
3315	0	1	0	0	0	0	0	0
3316	0	3	0	0	0	0	0	0
3317	0	1	0	0	0	0	0	0
3319	0	1	0	0	0	0	0	0
3320	0	4	0	1	1	0	0	0
3322	0	2	0	0	0	0	0	0
3336	0	2	0	0	0	0	0	0
3338	0	2	0	1	0	0	0	0
3339	0	1	0	0	0	0	0	0
3340	0	7	0	0	0	0	0	0
3342	0	2	0	0	0	0	0	0
3348	0	2	0	0	0	0	0	0
3350	0	1	0	0	0	0	0	0
3369	0	0	0	1	0	0	0	0
3371	0	1	0	3	0	0	0	0
3372	0	0	0	2	0	0	0	0
3373	0	1	0	0	0	0	0	0
3375	0	0	0	1	0	0	1	0
3377	0	1	0	1	0	0	0	0
3378	0	1	1	1	0	0	0	0
3379	0	1	0	0	0	0	0	0
3384	0	1	0	0	0	0	0	0
3386	0	1	0	0	0	0	0	0
3387	0	0	0	1	0	0	0	0
3394	0	1	0	0	0	0	0	0
3395	0	1	0	0	0	0	1	0
3405	0	1	0	0	0	0	0	0
3409	0	0	0	1	0	0	0	0
3410	0	1	0	1	0	0	0	0
3447	0	6	1	0	1	0	0	0
3448	0	1	0	1	0	0	0	0
3453	0	0	0	1	0	0	0	0
3454	0	0	0	0	1	0	0	0
3457	0	4	0	3	0	1	0	0
3459	0	3	1	0	0	0	0	0
3461	0	1	0	0	1	0	0	0
3463	0	4	0	1	0	0	0	0
3465	0	1	0	0	1	0	0	0
3466	0	2	0	1	0	0	0	0
3469	0	2	0	0	0	0	0	0
347	0	0	0	0	0	1	0	0
3478	0	1	0	0	0	0	0	0
3480	0	1	0	0	0	0	0	0
3485	0	0	0	1	0	0	0	0
3486	0	1	0	0	0	1	0	0
3488	0	1	0	0	0	0	0	0
3489	0	2	0	0	0	0	0	0
3490	0	0	0	1	0	0	0	0
3494	0	3	0	0	0	0	0	0
3496	0	0	0	0	1	0	0	0
3497	0	0	0	0	1	0	0	0
3498	0	1	0	0	1	0	0	0
350	0	0	0	1	0	0	0	0
3503	0	0	0	0	1	0	0	0
3504	0	1	0	0	0	0	0	0
3505	0	0	0	1	0	0	0	0
3506	0	0	0	0	1	0	0	0
3507	0	1	0	1	0	0	0	0
3508	0	1	0	0	0	0	0	0
351	0	2	0	1	0	0	0	0
3514	0	3	0	0	0	0	0	0
3516	0	2	0	0	0	0	0	0
3517	0	0	0	1	0	0	0	0
352	0	1	0	0	1	0	1	0
354	0	2	0	0	0	0	0	0
355	0	2	0	0	0	0	0	0
3550	0	0	0	4	0	0	0	0
3552	0	1	1	2	0	1	0	0
3576	0	5	1	0	0	0	1	0
3579	0	1	0	0	0	0	0	0
358	0	1	0	0	0	0	0	0
3580	0	3	0	0	0	0	0	0
3582	0	3	1	0	0	0	0	0
3583	0	1	0	0	0	0	0	0
3584	0	3	0	0	0	0	0	0
3585	0	1	0	0	0	0	0	0
3586	0	1	0	0	0	0	0	0
3588	0	2	0	0	0	0	0	0
359	0	4	0	0	0	0	0	0
3590	0	1	1	0	0	0	0	0
3596	0	2	0	0	0	0	0	0
3600	0	1	0	0	0	0	0	0
3601	0	0	0	0	0	0	0	0
3602	0	1	0	0	0	0	0	0
3604	1	0	0	1	0	0	0	0
3608	0	1	0	0	0	0	0	0
3612	0	2	0	0	0	0	0	0
3615	0	2	0	0	0	0	0	0
3616	0	2	0	0	0	0	0	0
3617	0	2	0	0	0	0	0	0
3618	0	0	0	0	0	0	0	0
362	0	5	0	1	0	0	0	0
3620	0	1	0	0	0	0	0	0
363	0	1	0	0	0	0	0	1
364	0	3	0	0	0	0	0	0
3650	0	3	0	2	0	0	0	0
3652	0	1	0	0	0	0	0	0
3654	0	1	0	1	1	0	0	0
3658	0	1	0	0	0	0	0	0
3659	0	0	0	0	0	0	0	0
3660	0	0	0	1	0	0	0	0
3661	0	3	1	1	1	0	1	0
3666	0	0	0	1	0	0	0	0
3668	0	1	0	0	0	0	0	0
367	0	4	0	0	0	0	0	0
3671	0	1	0	0	0	0	0	0
3672	0	1	0	0	0	0	0	0
3676	0	0	0	0	0	0	1	0
3677	0	1	0	1	0	0	0	0
3679	0	1	0	0	0	0	0	0
3686	0	1	0	0	0	0	0	0
3689	0	1	0	0	0	0	0	0
3698	0	0	0	1	0	0	0	0
3702	0	1	0	0	0	0	0	0
3703	0	2	0	0	0	0	0	0
3705	0	0	0	1	0	0	0	0
3707	0	3	0	1	0	0	0	0
3708	0	1	0	1	1	0	0	0
3709	0	1	0	0	0	0	0	0
371	0	2	0	0	0	0	0	0
3713	0	1	0	1	0	0	0	0
3717	0	2	0	1	0	0	0	0
372	0	0	0	2	0	0	0	0
3721	0	2	0	1	1	0	0	1
3722	0	0	0	0	0	0	0	1
3723	0	0	0	0	1	0	0	1
3727	0	0	0	0	1	0	0	0
3728	0	0	0	0	1	0	0	2
373	0	0	0	1	0	0	0	0
3736	0	1	0	1	1	0	0	1
374	0	0	0	1	0	0	0	0
3742	0	1	0	0	0	0	0	0
3743	0	1	0	0	0	0	0	0
3747	0	1	0	0	0	0	0	0
3748	0	1	1	0	0	0	0	0
3751	0	1	0	1	0	0	0	0
3754	0	1	0	0	0	0	0	0
3757	0	1	0	0	0	0	0	0
376	0	0	0	2	0	0	0	0
3760	0	1	0	0	0	0	0	0
3766	0	2	0	0	0	0	0	0
378	0	0	0	1	0	0	0	0
379	0	0	0	1	0	0	0	0
3806	0	1	0	0	0	0	0	0
3811	0	1	1	0	0	0	0	0
3816	0	6	1	0	0	0	0	0
3817	0	5	0	2	0	0	0	0
383	0	0	0	1	0	0	0	0
3833	0	1	0	0	0	0	0	0
3835	0	2	0	1	0	0	0	0
3836	0	0	0	1	0	0	0	0
3840	0	1	0	1	0	0	0	0
3841	0	1	0	0	0	0	0	0
3843	0	0	1	0	0	0	0	0
385	0	0	0	1	0	0	0	0
3854	0	0	0	1	0	0	0	0
3855	0	1	0	0	0	0	0	0
3856	0	1	0	0	0	0	0	0
3858	0	1	0	0	0	0	0	0
3864	0	1	0	0	0	0	0	0
3869	0	1	0	0	0	0	0	0
387	0	4	0	12	1	0	0	0
388	0	0	0	1	0	0	0	0
389	0	0	0	3	0	0	0	0
3890	0	4	0	0	0	0	0	0
3891	0	1	0	1	0	0	0	0
3892	0	1	0	0	0	0	0	0
3896	0	2	0	0	0	0	0	0
3898	0	4	0	0	1	1	1	0
390	0	0	0	0	0	0	0	0
3900	0	0	0	1	0	0	0	0
3901	0	6	0	0	1	0	0	0
3902	0	1	0	0	0	0	0	0
3905	0	0	0	0	2	0	0	0
